20190704203234.43,35.6388,117.5540,0.2,1.4
20190704171122.54,35.4452,116.8035,7.5,0.0
20190704181336.37,35.4442,118.2707,7.5,2.6
20190704193505.25,35.6093,117.5447,-0.4,1.2
20190704194734.56,35.5953,117.2138,7.6,0.9
20190704195541.46,35.3223,116.9823,8.2,3.6
20190704223347.55,35.6577,117.4345,-1.4,0.3
20190704230603.03,35.7477,116.7743,7.4,1.4
20190704161144.76,35.6812,118.5527,6.1,0.0
20190704191742.57,36.2817,118.5287,7.3,3.0
20190704195054.67,36.4602,117.3267,7.5,3.5
20190704202245.92,35.9668,118.7895,7.5,3.3
20190704211426.91,35.3633,118.2633,7.3,1.8
20190704224546.88,35.7285,117.5175,0.1,0.3
20190704171522.06,35.2655,118.4853,7.6,1.1
20190704175047.64,35.6710,117.6675,7.5,1.7
20190704181604.77,35.6530,117.5670,6.2,1.0
20190704183922.54,35.2787,118.3658,7.5,4.5
20190704191152.23,35.5948,117.5343,4.4,1.5
20190704192015.54,35.5045,118.0218,5.6,1.0
20190704195837.10,35.6867,117.4460,7.4,0.8
20190704204840.73,35.6988,117.4845,5.5,0.4
20190704210008.62,36.4382,117.9007,7.5,0.8
20190704211026.60,35.6042,117.5985,7.4,0.3
20190704213652.19,35.7170,116.5163,7.6,1.4
20190704232915.20,35.6200,117.5803,0.5,1.0
20190705113558.76,35.6787,117.5447,5.6,1.8
20190705095736.76,35.5730,116.6818,7.4,1.6
20190705104728.46,35.5983,117.5862,1.1,0.0
20190705002750.70,35.5153,117.0378,7.6,1.8
20190705095746.39,35.6563,117.4680,7.7,0.5
20190705202511.49,35.4932,117.3260,30.4,-0.4
20190705010128.08,35.5192,116.7547,7.5,1.2
20190705023000.88,35.3987,117.2663,7.5,1.7
20190705031506.20,35.9175,117.5772,-1.4,1.1
20190705083627.09,35.7157,117.4937,0.8,0.0
20190705113116.16,35.6727,116.9210,7.5,2.1
20190705123355.93,35.6912,117.5405,0.5,0.3
20190705162122.02,35.6260,117.1825,7.9,1.4
20190705193200.72,36.4540,117.9620,7.6,0.3
20190705224059.28,35.1538,116.9725,7.5,1.5
20190705012738.27,35.3965,118.1025,7.4,1.6
20190705041432.96,35.3462,117.2128,7.5,2.6
20190705041445.08,35.7202,117.5573,7.8,2.7
20190705044155.67,35.4443,117.0777,7.5,1.6
20190705052913.04,35.9103,117.4493,7.4,1.7
20190705063948.49,35.4427,117.1550,7.6,1.2
20190705082457.81,35.8390,117.4720,0.8,0.1
20190705093645.03,35.6790,117.4823,7.4,0.8
20190705123703.63,35.6157,116.9088,7.5,2.3
20190705141022.34,35.6567,117.6418,0.4,0.6
20190705173111.79,35.7470,117.5113,6.3,-0.1
20190705193547.65,35.8620,117.7732,7.0,-0.3
20190705195642.90,35.8718,117.6428,3.8,-0.1
20190705000333.50,35.4032,116.8650,7.5,1.5
20190705011745.48,35.7410,117.3322,0.4,0.0
20190705030419.01,35.4412,117.5158,7.2,0.0
20190705041427.95,35.6302,116.7302,7.4,2.7
20190705055857.13,35.9658,117.9938,7.5,0.6
20190705062713.48,35.3940,117.1438,7.4,0.4
20190705085324.92,35.6027,117.4573,7.9,0.1
20190705093627.91,36.1350,116.9403,7.2,1.9
20190705102435.55,35.4043,116.7368,7.5,0.4
20190705103931.87,35.5805,116.8507,7.4,0.8
20190705112229.68,35.4707,118.5222,7.5,1.0
20190705132847.27,35.5925,117.4435,7.5,0.6
20190705141626.53,35.5355,116.7295,7.5,2.0
20190705193209.63,35.6562,117.5263,5.7,0.3
20190705194703.84,35.6683,117.5525,0.8,0.1
20190705205021.08,36.1367,118.5947,7.4,1.1
20190705213219.92,35.6672,117.5882,0.8,0.8
20190705230049.51,35.5802,117.6502,7.5,1.3
20190705023640.60,35.6797,117.4918,-0.2,0.3
20190705042131.17,35.7898,117.6357,22.1,-0.1
20190705043228.72,35.7147,117.3915,7.9,0.3
20190705044747.38,35.4300,118.0998,6.9,0.2
20190705052801.59,35.7108,117.4532,-0.1,0.1
20190705060252.93,35.7152,117.4768,-0.8,0.4
20190705070922.87,35.7437,117.2903,-1.4,0.6
20190705080202.38,35.2582,117.5362,7.5,1.0
20190705080826.61,35.6512,117.4927,5.6,0.6
20190705092936.63,36.4403,117.1232,11.7,1.2
20190705120320.14,35.6617,118.0593,7.6,0.6
20190705130134.56,35.6593,117.4680,7.5,0.3
20190705130641.69,35.6818,117.5673,-0.2,0.2
20190705132121.34,35.7323,117.5180,1.4,0.8
20190705135532.89,35.8827,117.1502,7.4,2.1
20190705142834.81,35.4013,116.9698,7.6,0.9
20190705143659.63,35.1663,116.8462,6.8,1.4
20190705145153.06,35.7365,117.4675,-0.6,0.5
20190705152850.98,36.0625,117.9132,8.3,0.1
20190705153818.33,35.3288,117.0063,7.4,0.7
20190705160641.57,35.6920,117.4597,0.5,1.0
20190705165641.02,35.1763,117.5352,7.5,1.6
20190705175433.90,35.3143,118.3027,7.5,1.9
20190705180921.40,35.5950,117.6295,7.4,0.6
20190705183748.11,35.6923,117.3828,2.7,0.1
20190705204228.41,35.8417,117.5780,0.4,0.6
20190705205620.01,35.7127,117.4683,1.9,-0.2
20190705212848.14,35.2753,117.2808,7.4,1.2
20190705214011.64,35.7312,117.5133,1.5,0.6
20190705232833.92,35.6282,117.5115,7.2,0.0
20190705234804.12,35.1817,117.0523,7.3,1.0
20190706034626.95,35.6813,117.4722,5.5,3.4
20190706092341.81,36.0622,117.8283,-1.3,2.1
20190706144417.46,35.9638,117.6788,-1.4,1.7
20190706171741.54,35.5432,117.5070,8.1,0.8
20190706104311.52,35.4673,118.2798,7.3,3.2
20190706162525.33,35.7597,117.5415,-1.3,0.9
20190706043642.01,36.3043,118.1440,7.8,4.6
20190706052044.21,35.7943,117.6342,-1.4,1.4
20190706060146.38,35.4825,117.5162,-1.4,3.9
20190706112936.15,35.6423,117.5022,7.0,0.9
20190706170636.96,35.5483,117.3800,7.1,1.5
20190706032216.78,36.1405,117.0867,7.4,3.9
20190706032656.49,36.0812,117.6788,3.0,3.5
20190706043629.54,35.3507,117.7428,7.3,3.3
20190706054134.50,35.5345,117.5823,8.0,2.8
20190706063050.67,35.5578,117.5212,4.3,2.1
20190706064308.68,36.0137,117.7332,7.4,1.8
20190706090353.42,36.4602,117.7305,7.5,1.9
20190706120453.52,35.5422,117.8182,7.9,3.3
20190706142827.47,35.5893,117.3853,6.6,1.1
20190706143138.24,36.0330,117.0163,5.7,1.0
20190706143628.36,35.7395,117.6035,0.0,0.5
20190706145139.57,35.9330,117.6757,0.6,0.9
20190706170739.13,35.7148,117.2412,6.2,0.8
20190706184230.53,35.8442,117.6805,0.3,1.6
20190706011142.67,35.5988,117.2882,7.4,0.8
20190706013901.94,35.7085,117.4607,-0.3,-0.1
20190706040456.29,35.9300,117.6327,3.9,2.5
20190706041300.53,35.3640,117.7375,7.3,4.4
20190706055523.27,35.5797,117.3433,-1.4,2.2
20190706055811.44,35.0583,117.7045,7.4,2.8
20190706080351.83,35.6758,117.4563,8.1,1.2
20190706081724.19,35.5513,117.4990,5.0,1.4
20190706082016.37,35.4618,117.7418,-0.2,2.5
20190706100320.32,35.4613,117.1743,6.5,1.6
20190706101732.32,35.9188,117.7278,10.3,1.5
20190706114423.26,35.8627,117.6957,5.7,1.0
20190706120303.67,35.8708,117.7350,-1.4,1.4
20190706121806.12,35.2293,117.8283,5.7,1.8
20190706132947.70,35.5252,117.3920,7.2,1.2
20190706141116.05,35.9052,117.7852,0.1,2.4
20190706184446.45,35.4585,117.4605,8.8,1.6
20190706193858.09,35.5600,117.0780,13.6,0.9
20190706201751.27,36.0958,117.6145,6.2,1.1
20190706202100.09,35.5148,117.4788,1.3,1.6
20190706203550.57,36.0020,117.7572,0.0,0.8
20190706212049.51,35.9428,117.3372,8.1,1.1
20190706223217.76,35.9353,117.6653,-1.3,0.5
20190706223644.15,35.9242,117.4810,0.7,1.2
20190706231453.99,35.7153,117.4805,5.6,1.1
20190706001248.53,35.4478,117.3618,7.5,2.4
20190706033339.74,35.7480,117.6988,5.6,3.3
20190706035010.08,36.0968,117.6793,8.0,3.4
20190706042425.88,35.9797,117.6437,0.1,2.3
20190706044732.94,35.8972,117.8068,23.2,2.7
20190706045008.76,36.1263,117.4048,7.3,3.2
20190706045345.87,35.6350,117.4878,5.4,2.6
20190706070941.00,35.8468,117.6368,0.8,2.5
20190706074942.09,35.9133,117.6765,0.5,1.6
20190706080023.37,35.8910,117.6382,0.8,2.0
20190706081335.89,35.6893,118.3350,7.5,2.7
20190706094017.09,35.6185,117.3008,3.0,1.4
20190706095501.42,35.8948,117.6508,0.2,2.2
20190706100516.20,35.8700,116.9510,7.5,2.8
20190706104332.79,34.8007,116.9882,7.4,1.1
20190706105504.11,36.2687,117.8045,7.4,1.9
20190706111443.67,35.6480,117.3400,8.3,1.9
20190706121552.21,36.0425,117.9537,5.9,1.4
20190706124514.03,35.5933,118.1235,7.5,2.0
20190706131302.81,35.8707,117.6235,-1.4,1.5
20190706133820.91,35.8593,117.6920,0.8,2.0
20190706143329.77,35.6878,117.3497,7.0,2.0
20190706152902.46,35.5242,117.4557,6.7,1.8
20190706154759.32,36.1168,117.8650,6.1,1.3
20190706155107.53,35.9653,117.6323,14.2,0.9
20190706170410.38,35.8752,117.6755,4.7,0.7
20190706173613.99,35.5797,117.4785,5.3,1.4
20190706180308.46,35.9630,117.7598,0.1,1.1
20190706180724.74,36.3737,116.9952,7.2,1.3
20190706181935.47,35.2205,117.4645,7.7,2.5
20190706184606.70,35.8995,117.8958,1.0,1.9
20190706193143.90,36.1935,117.0942,7.5,2.1
20190706212721.68,35.4883,117.7078,6.4,0.3
20190706222832.50,35.8375,117.5213,-0.3,0.8
20190706222924.77,35.7623,117.8735,5.7,0.7
20190706003058.73,35.2882,117.1433,7.4,-0.2
20190706024506.30,35.7555,117.5643,6.8,-0.5
20190706030109.45,35.4920,117.7243,7.8,0.6
20190706030815.17,35.7603,117.5235,1.0,0.4
20190706033915.84,35.6200,117.5207,0.8,2.7
20190706035040.99,35.7012,116.9128,7.5,3.8
20190706052216.81,35.6435,117.4458,7.5,1.7
20190706053016.88,35.7228,117.4782,-0.6,2.5
20190706053206.83,35.1423,117.8935,7.8,3.2
20190706053953.82,36.7907,117.0578,7.6,3.0
20190706060951.74,35.8667,117.7288,0.5,1.5
20190706064300.77,35.7010,116.8417,7.2,1.8
20190706064711.67,35.9235,117.6708,0.6,3.5
20190706072148.76,35.7387,117.5305,-1.4,1.0
20190706072157.84,35.8900,117.7283,0.5,1.9
20190706072257.05,35.7118,117.3763,-1.4,1.4
20190706084614.40,35.5443,118.3457,7.4,3.1
20190706085845.87,35.1865,117.0730,7.4,3.4
20190706090227.64,35.7252,117.5558,3.0,1.8
20190706092030.54,35.6268,118.5078,7.5,2.2
20190706095539.18,35.3562,117.8488,7.5,2.4
20190706100756.79,36.0297,117.2877,7.2,2.5
20190706103127.31,35.8533,118.4260,7.5,2.0
20190706111000.93,36.5567,117.0087,7.5,3.2
20190706112025.55,35.7218,117.5842,2.0,2.3
20190706113109.62,36.0733,117.8387,2.2,1.9
20190706114958.20,35.7850,117.7142,5.6,1.0
20190706120756.96,35.9222,117.7602,8.1,0.6
20190706121153.07,35.1530,117.5178,7.4,2.1
20190706123818.54,35.8545,117.4863,7.5,1.0
20190706124323.43,35.5862,117.3002,1.5,1.3
20190706125656.92,35.6575,117.4838,5.7,1.0
20190706125805.56,35.2647,117.8992,7.4,2.5
20190706131612.96,35.9487,117.6942,0.4,1.7
20190706132940.07,35.9317,117.6998,6.9,1.0
20190706144841.40,36.1020,117.7093,3.0,1.2
20190706144916.15,34.9495,117.4872,5.7,1.1
20190706151852.69,36.0027,117.5848,7.5,0.7
20190706154901.59,35.8767,117.7232,0.8,1.2
20190706162517.86,35.5582,118.0767,3.6,1.9
20190706163141.61,35.7490,117.8007,1.5,1.8
20190706163600.92,35.7985,117.4293,5.6,3.4
20190706164427.82,35.4398,117.3345,7.2,2.5
20190706164632.36,35.1157,117.5598,7.6,2.7
20190706165533.77,35.9657,117.7660,7.5,1.0
20190706171756.89,35.6318,117.5780,7.4,1.5
20190706175534.60,36.1178,117.8552,0.0,1.5
20190706183029.05,35.5683,117.4723,7.8,1.6
20190706185121.18,35.7162,117.5148,0.3,0.7
20190706185325.62,36.0567,117.3062,7.5,1.9
20190706193904.84,35.8217,117.6140,15.0,1.1
20190706203923.96,35.6655,117.5595,0.4,0.9
20190706211641.26,36.0120,117.5560,7.5,0.9
20190706215458.97,35.7727,117.7113,0.2,0.7
20190706220316.13,35.9552,117.4765,0.4,1.2
20190706221408.48,35.6697,117.5665,-0.6,0.7
20190706230344.47,35.5485,117.5327,9.4,1.1
20190706231049.17,36.0580,117.7212,6.3,1.2
20190706231543.21,35.8730,117.6793,7.3,0.9
20190706231935.10,35.7747,117.6343,5.9,0.8
20190706232534.76,35.9337,117.6963,0.1,1.1
20190707012233.97,35.6563,117.4492,45.9,1.7
20190707044954.01,36.0335,117.8322,-1.3,1.2
20190707100612.06,35.9403,117.7180,-1.4,2.5
20190707154557.62,35.5828,117.3698,-1.4,0.9
20190707220949.71,35.9553,117.7145,-0.8,0.7
20190707074733.65,35.5633,117.3913,17.4,1.1
20190707090556.55,36.2303,117.8728,-1.4,1.6
20190707205529.78,35.5150,117.4558,8.1,0.6
20190707233107.58,35.9533,117.7422,0.5,0.3
20190707162656.69,35.6162,117.3828,5.4,1.0
20190707230209.60,35.5148,117.4627,6.4,1.3
20190707053328.38,35.9438,117.7632,0.8,0.6
20190707080005.60,35.8720,117.4680,-0.2,0.4
20190707180449.22,35.4500,117.6707,7.3,2.4
20190707192351.51,35.6398,117.3492,-1.4,0.8
20190707003059.49,35.9523,117.7408,0.5,1.1
20190707021932.34,35.5195,117.4170,6.7,1.1
20190707024214.24,35.5342,117.2983,-1.4,1.1
20190707063432.65,35.6967,117.5830,5.5,1.0
20190707071242.46,35.7367,118.2298,1.8,0.4
20190707091356.95,35.9535,117.6365,0.5,0.4
20190707100226.65,35.6775,117.5113,-0.8,2.3
20190707113337.33,35.4407,117.0490,5.6,1.7
20190707113920.37,35.9215,117.4300,1.0,1.0
20190707124550.33,35.8988,117.6782,0.4,0.6
20190707143928.84,35.5243,117.4902,10.5,0.6
20190707144207.74,35.3110,117.5205,7.6,1.6
20190707153030.54,35.9242,116.6792,5.6,2.1
20190707164029.54,35.5448,117.3507,17.4,2.1
20190707164620.92,35.8180,117.7493,3.1,0.9
20190707191751.40,36.0425,117.8320,-0.3,1.3
20190707200843.86,36.0315,117.8385,-0.5,1.5
20190707210516.82,35.0475,118.9397,7.4,1.7
20190707212702.23,36.2160,116.8157,7.3,1.6
20190707012802.64,36.1130,117.6708,7.5,1.7
20190707034302.08,35.9155,117.7017,-1.4,0.9
20190707065226.02,35.5527,117.5828,6.4,1.0
20190707083213.41,35.5718,118.0090,7.6,1.0
20190707091511.30,36.2697,117.0823,7.6,1.0
20190707092817.10,36.0835,116.6922,3.8,1.7
20190707093450.02,35.8737,117.6832,0.8,1.4
20190707112605.72,35.8492,117.7110,1.5,0.8
20190707141622.01,35.4683,117.0420,7.4,0.9
20190707144905.25,35.9832,117.6530,2.5,0.7
20190707163041.77,35.9748,117.4997,-1.1,0.8
20190707172452.63,36.1020,117.7770,1.1,1.1
20190707180828.54,35.8213,117.6580,5.9,0.9
20190707183009.04,35.9943,117.5910,0.8,1.2
20190707184951.88,36.2263,117.0208,8.0,1.4
20190707203712.05,35.9065,118.1747,7.7,1.0
20190707203949.40,35.6232,117.4427,2.3,0.3
20190707205218.77,35.5885,117.4858,4.3,0.5
20190707231628.78,35.5532,117.5045,5.3,1.7
20190707234831.16,35.8510,117.7770,3.0,1.5
20190707235759.70,35.7448,117.4978,1.2,0.0
20190707002758.79,35.2805,118.2665,7.3,2.5
20190707012857.72,35.8300,117.5563,19.6,0.5
20190707021500.46,35.8982,117.5270,11.9,1.2
20190707025740.32,35.5678,117.5908,1.6,2.3
20190707030228.84,35.5155,117.5102,5.7,0.3
20190707034513.37,35.9847,117.5225,0.8,1.7
20190707035729.48,35.9287,117.7362,0.8,1.1
20190707041452.18,36.1760,117.4668,6.4,0.3
20190707044316.96,36.4940,117.8432,7.2,1.2
20190707054215.45,35.5878,116.9665,57.4,2.2
20190707054642.16,35.9258,117.7123,15.1,1.2
20190707063803.03,36.0423,117.7133,-1.3,0.4
20190707073037.80,36.7092,117.5288,7.4,1.9
20190707074147.24,35.8922,117.7455,7.9,0.4
20190707090115.72,35.4758,117.4178,-0.6,1.1
20190707090505.19,35.9352,117.9370,7.4,1.5
20190707090555.19,36.2505,117.9913,-1.4,2.6
20190707092609.96,36.0775,117.7383,6.2,0.7
20190707093415.11,35.5885,117.3493,-1.4,0.4
20190707103655.39,35.6522,116.9898,7.5,2.1
20190707104651.13,35.8153,117.6950,1.0,1.4
20190707104941.96,35.6545,116.8183,7.6,1.1
20190707110600.39,36.0357,117.4888,26.8,1.1
20190707113333.35,35.4693,116.8123,7.5,2.1
20190707114048.78,35.5398,117.4835,7.4,1.2
20190707122614.80,36.0155,117.6557,0.0,0.5
20190707122946.71,35.8307,117.6118,7.5,0.2
20190707130221.70,36.1013,117.8063,-0.8,1.7
20190707132021.85,35.7465,118.6707,7.4,1.8
20190707133330.80,35.8452,117.6848,0.8,1.4
20190707135405.87,35.7743,117.4733,0.7,0.4
20190707145221.25,35.8790,117.3970,5.8,1.0
20190707162224.88,35.7467,117.7272,-0.4,0.9
20190707163254.16,35.5405,117.4677,5.7,0.9
20190707163440.06,36.0702,117.8337,-1.2,0.6
20190707163729.42,35.5352,117.4952,9.4,0.1
20190707164040.76,35.7898,117.4267,-1.4,1.7
20190707171519.87,36.0328,117.4718,7.5,0.3
20190707175132.15,35.6782,117.1313,7.1,1.2
20190707194845.73,35.5962,117.9618,7.5,1.9
20190707195039.74,35.9798,117.7612,0.2,1.2
20190707201534.36,36.0727,117.8180,7.3,0.5
20190707205009.56,35.4915,117.4938,7.5,0.8
20190707223002.49,36.0340,117.7702,7.2,0.9
20190707225600.53,35.4647,117.1497,7.5,1.0
20190707225923.94,35.8043,117.6972,5.5,1.1
20190707000142.94,35.6732,117.6573,-1.3,1.1
20190707003326.47,35.8915,118.0748,9.2,1.4
20190707003756.34,35.5500,117.3872,6.8,1.3
20190707011138.75,35.6570,117.3752,7.5,1.1
20190707011550.79,35.7130,117.7417,7.4,1.2
20190707013423.05,35.9757,116.5160,6.5,0.5
20190707014520.94,36.0562,117.7042,4.4,1.6
20190707014834.34,35.8683,117.6497,7.5,1.6
20190707014931.47,35.4035,117.5858,7.9,0.9
20190707021040.10,35.4253,117.6610,7.3,1.6
20190707023115.49,35.5558,117.4785,5.4,1.0
20190707023916.72,35.6522,117.5553,3.5,0.7
20190707030525.90,35.8268,117.3443,27.0,1.0
20190707040126.81,35.8042,117.5255,7.5,1.7
20190707041055.16,35.8122,117.6428,4.7,0.4
20190707043027.24,36.0250,117.3885,5.5,1.8
20190707043104.04,35.8785,117.8263,0.7,0.7
20190707050507.31,36.0413,117.6365,0.0,1.0
20190707051243.79,36.1062,117.7800,-0.1,1.8
20190707065907.47,35.6533,117.4668,0.8,1.7
20190707074803.77,35.8522,117.6208,0.3,1.1
20190707080302.76,35.8305,117.4500,7.0,0.4
20190707082832.54,36.0478,117.8178,6.0,1.2
20190707084505.52,35.6860,117.7237,7.9,1.9
20190707093242.30,35.4125,117.1480,-1.4,1.6
20190707102737.18,36.0788,117.2773,7.7,1.6
20190707120645.82,35.2230,118.0635,7.5,1.0
20190707124520.11,36.0065,117.6572,6.5,-0.1
20190707132035.38,35.8502,117.5673,6.0,1.2
20190707134915.39,35.5127,117.3955,4.4,0.3
20190707143432.08,35.8328,117.7903,1.5,0.5
20190707161939.73,35.8512,117.3317,11.3,1.2
20190707163837.71,35.5362,117.4678,4.9,1.3
20190707164259.75,35.7288,117.6775,22.6,2.6
20190707165202.40,35.5705,117.5292,4.7,0.8
20190707171549.87,35.5740,117.3632,7.1,1.1
20190707171732.95,35.8400,117.5392,8.9,1.5
20190707182306.47,35.6073,117.4192,10.7,1.0
20190707191614.42,36.1332,117.8737,19.2,1.6
20190707193236.17,35.6052,117.2305,5.6,0.9
20190707195858.66,35.9237,117.7227,9.8,0.6
20190707200747.48,36.0137,117.5290,11.5,0.3
20190707203517.74,36.0145,117.6447,7.2,0.5
20190707210402.29,35.8938,117.7197,0.6,1.1
20190707210649.78,36.3617,117.0245,7.6,1.0
20190707215259.83,35.8837,117.7215,1.4,0.9
20190707223152.35,35.7608,117.4870,6.2,1.0
20190707224400.40,36.4768,116.8083,7.5,1.6
20190707232320.64,35.8650,117.5848,0.8,0.6
20190707235535.27,36.2185,117.6660,7.5,0.8
20190708043949.05,36.1273,117.8612,-0.9,1.9
20190708034352.57,36.0698,117.3422,5.7,1.1
20190708041621.22,36.0282,117.8355,-0.6,1.2
20190708042017.24,35.7382,117.4123,-1.4,1.5
20190708203335.26,35.5735,117.3480,8.3,0.9
20190708214631.70,36.3068,116.8050,30.7,1.8
20190708173001.73,35.7983,117.9878,7.5,1.1
20190708144310.28,35.8667,117.6710,-0.6,0.5
20190708011819.93,35.6638,118.2257,7.3,0.8
20190708034746.55,36.2160,118.2038,7.1,1.2
20190708042635.10,36.1325,117.9545,-1.2,1.2
20190708073527.17,36.5710,118.2448,5.1,2.5
20190708001532.64,35.8938,117.6868,0.0,1.1
20190708014823.92,36.0123,117.6228,5.8,0.7
20190708020534.19,36.1158,117.8470,7.4,0.8
20190708023709.26,35.9070,117.7415,0.8,0.9
20190708033638.90,36.1350,117.9053,2.9,1.3
20190708034718.44,35.8278,117.6187,1.3,0.8
20190708043934.16,35.1633,117.4825,7.5,1.0
20190708054223.52,35.7852,117.5368,0.8,0.9
20190708062349.96,35.9293,117.6993,0.8,0.6
20190708080045.23,35.8137,117.2650,7.6,1.2
20190708083232.83,35.5550,118.0358,7.5,0.5
20190708105610.22,35.8863,117.6060,7.3,0.9
20190708110629.38,35.8233,117.4507,2.8,0.0
20190708113636.56,35.5907,117.5312,7.4,1.4
20190708183338.09,36.4197,117.0395,7.2,1.1
20190708191328.22,35.8303,117.6363,0.8,0.7
20190708192421.48,35.4783,117.6430,7.7,1.4
20190708215939.42,35.1712,117.3902,7.4,1.5
20190708225734.28,35.5307,117.9740,5.7,1.6
20190708021322.23,35.7343,117.6327,0.7,1.4
20190708023332.54,35.6230,117.8167,7.5,0.9
20190708025628.25,35.6705,116.9082,7.4,1.6
20190708031423.38,35.9950,117.6605,0.4,0.0
20190708032155.61,35.6412,117.5303,2.4,0.4
20190708034025.12,35.8740,117.5185,0.4,1.0
20190708040456.22,35.9448,117.7637,6.1,0.8
20190708045321.88,35.9097,117.3517,-1.4,0.3
20190708050415.02,36.1100,117.6723,2.8,0.9
20190708053156.34,36.0217,117.8880,-0.2,1.3
20190708080516.28,36.2422,118.0173,7.4,0.9
20190708080636.81,35.6423,117.5115,6.4,0.0
20190708093832.68,35.8165,117.3887,3.4,0.6
20190708094119.04,36.0352,117.6970,0.6,0.8
20190708103147.77,35.3033,117.8487,7.5,0.6
20190708105124.81,35.9893,116.5687,7.6,0.7
20190708105310.66,35.9407,117.8437,-0.2,1.0
20190708111239.36,36.4158,116.9328,7.5,0.0
20190708115022.01,35.8697,117.6542,-1.4,0.8
20190708115128.95,36.1265,117.9327,7.5,2.4
20190708115644.04,35.5328,117.3600,5.6,0.6
20190708123821.12,35.6792,117.4305,7.5,0.5
20190708125435.19,35.5935,117.2748,0.5,0.7
20190708130841.35,35.9307,117.7052,0.7,0.7
20190708131031.02,35.9192,117.7988,2.0,0.4
20190708134746.05,36.7712,117.3752,7.5,1.1
20190708141837.93,35.6163,116.9052,7.5,1.8
20190708154530.42,35.7135,117.5238,0.8,0.9
20190708160852.68,35.2622,116.9198,14.8,2.0
20190708163835.23,35.9617,117.6777,5.6,0.3
20190708163856.31,35.8522,117.6878,0.8,0.4
20190708170012.62,35.9378,117.7535,0.4,1.0
20190708185242.86,35.6412,117.5475,0.9,0.2
20190708192600.98,35.8788,117.6435,2.9,0.8
20190708200112.92,36.4163,117.0362,7.4,1.8
20190708210918.17,35.7897,117.7892,5.8,0.7
20190708212648.67,36.4995,118.0675,7.5,1.4
20190708213532.80,35.5668,117.2970,-1.4,0.7
20190708223202.71,35.8930,117.6413,0.9,0.5
20190708233029.35,36.0517,117.8393,7.5,1.1
20190708235418.84,35.9483,117.6417,4.9,-0.1
20190708001815.66,35.7945,117.9183,-1.4,0.8
20190708002339.51,35.9722,117.6677,1.1,0.9
20190708003202.27,35.8742,117.6342,0.8,1.2
20190708024223.87,35.6623,117.7090,-1.3,1.7
20190708030817.51,35.4562,117.4913,-0.3,0.8
20190708033229.62,36.0770,117.7347,-0.3,1.3
20190708035711.99,35.9483,117.6472,4.9,0.6
20190708035919.69,35.7150,117.3925,5.7,1.0
20190708041517.88,35.3980,117.3902,7.6,1.5
20190708044157.97,35.2955,116.8387,7.2,1.3
20190708045207.15,35.6650,118.3398,7.5,0.3
20190708060424.45,35.6060,117.5458,5.5,1.3
20190708062626.66,35.8743,117.8563,-1.4,1.5
20190708070102.43,35.6028,117.5887,7.4,0.9
20190708074541.04,35.4453,117.1478,-1.4,0.8
20190708080511.00,36.0530,117.4597,8.6,1.3
20190708081747.65,35.8267,117.3448,7.9,0.9
20190708083735.38,35.7680,117.5682,7.5,0.8
20190708084725.40,35.8095,117.7862,3.2,1.3
20190708093620.94,36.0092,118.0887,5.9,1.2
20190708094449.11,36.1258,117.7867,5.7,0.2
20190708100251.71,35.8972,117.8588,7.5,0.7
20190708104055.10,35.6295,117.5570,-1.4,0.0
20190708105059.76,35.4460,117.5833,7.6,0.3
20190708105509.22,35.8013,117.7448,8.2,0.7
20190708105740.33,35.5237,117.4357,7.7,0.7
20190708115012.31,35.3712,117.1433,5.8,1.0
20190708124206.77,35.5838,117.6722,3.2,1.6
20190708124547.91,35.6365,117.4290,7.1,0.8
20190708125022.61,35.8312,117.5180,1.1,1.5
20190708125407.52,36.1127,117.8128,-1.4,0.5
20190708133302.67,35.8337,116.6300,7.4,0.2
20190708141629.49,35.5797,117.4432,3.0,0.6
20190708141948.10,35.8205,117.6565,5.9,0.3
20190708142634.57,35.6435,117.5348,0.9,0.4
20190708144749.15,36.3108,118.5437,7.5,1.1
20190708151332.45,35.5013,117.5152,0.6,0.6
20190708162624.83,35.5298,117.4447,5.8,0.4
20190708162937.28,36.3238,117.1765,7.1,1.2
20190708164009.23,35.9718,117.6933,0.6,0.3
20190708165745.50,35.7830,117.6478,0.8,2.0
20190708174939.82,35.3058,118.3485,7.5,4.0
20190708175342.33,35.7893,117.2293,7.4,3.2
20190708180754.03,36.1625,117.4118,7.4,-0.5
20190708181918.14,35.9477,117.7025,0.7,-0.1
20190708182443.27,35.6098,117.5795,1.2,1.0
20190708185354.48,35.9338,117.7060,-0.8,0.9
20190708191646.73,35.8302,117.6003,17.4,1.3
20190708192532.99,35.3777,117.2422,-1.4,1.2
20190708192647.16,35.6895,117.5075,1.5,0.7
20190708193008.19,35.8445,117.7065,3.0,1.3
20190708193300.48,35.6602,117.5220,0.8,0.6
20190708194301.38,35.7877,117.7825,7.9,0.6
20190708200844.98,35.9507,117.6472,8.6,0.7
20190708201613.29,35.7917,117.5078,7.3,0.7
20190708202743.87,35.5455,117.3550,5.9,0.1
20190708204853.43,36.2262,117.6575,7.4,1.3
20190708220203.01,35.4037,116.7567,8.1,1.5
20190708223028.11,36.8362,117.8802,7.5,1.1
20190708234025.14,35.5160,117.4113,6.8,0.3
20190708003922.47,35.5347,117.4517,1.1,0.8
20190708011230.65,35.9172,117.5962,1.5,1.1
20190708013633.76,36.1092,118.6692,7.4,3.1
20190708013637.75,36.7605,117.5582,7.3,1.4
20190708021343.57,35.4677,117.4752,6.0,1.0
20190708024833.07,35.9653,117.6072,6.4,0.9
20190708031040.77,35.5133,116.6793,7.5,0.6
20190708033138.69,35.2298,117.4180,7.4,0.4
20190708044423.62,35.7615,117.4778,2.0,0.4
20190708044429.78,36.1098,118.8150,30.0,0.0
20190708051458.53,35.7853,118.8117,7.2,1.3
20190708055401.44,35.8485,117.6752,15.9,2.6
20190708060125.05,35.2513,118.2068,7.4,1.6
20190708063905.15,35.5612,117.2767,7.5,1.5
20190708071614.53,36.1460,117.8513,-1.4,1.3
20190708072547.58,36.3835,117.9755,7.4,1.8
20190708073512.12,36.0142,117.7142,0.3,0.6
20190708075704.72,35.9437,117.7457,2.5,1.1
20190708075707.24,35.2865,116.8697,17.4,1.9
20190708075832.04,35.5932,117.4282,7.5,0.4
20190708080151.06,35.7337,117.4847,-0.6,1.2
20190708080600.01,36.1133,117.8173,0.0,1.6
20190708083437.73,36.2828,118.1128,7.1,1.9
20190708084044.46,36.0338,117.6647,-0.1,1.2
20190708094843.74,35.6537,117.1448,10.4,0.8
20190708101356.88,35.6407,117.5245,0.9,1.4
20190708103511.61,35.6777,118.6710,7.8,1.2
20190708105335.39,35.5915,117.6607,-0.7,1.4
20190708110922.85,35.6817,117.5512,11.2,1.0
20190708121237.36,35.7245,117.5100,0.5,0.2
20190708121404.29,35.5690,117.4057,8.8,0.3
20190708121445.52,35.8880,117.7065,0.4,-0.2
20190708122727.66,35.6863,117.5242,6.4,0.2
20190708123358.78,35.7627,117.5885,11.5,0.2
20190708124614.55,35.9288,117.2390,39.8,0.7
20190708125209.22,35.8110,117.0472,7.4,0.6
20190708133352.18,36.0780,117.1590,-1.4,0.7
20190708134207.16,35.6578,117.5172,5.7,-0.1
20190708135945.23,36.0508,117.6980,0.7,0.7
20190708141708.04,35.4757,117.8798,13.1,0.9
20190708153203.18,35.6658,117.4530,1.5,0.3
20190708155122.34,35.6802,117.5208,0.8,0.3
20190708170345.79,35.9102,117.7152,0.6,1.2
20190708172808.14,35.8183,117.6672,0.8,0.7
20190708180013.04,35.6142,117.5245,7.4,1.3
20190708180903.55,35.6857,118.3583,8.0,0.7
20190708182605.51,35.3150,117.3915,7.0,0.6
20190708190324.34,35.5107,117.6327,9.3,0.8
20190708190839.19,35.6463,117.4800,2.5,0.7
20190708200117.47,35.5463,117.2862,5.9,1.2
20190708200628.39,35.9303,117.7622,-0.3,0.5
20190708200949.13,36.0815,117.6723,1.7,0.7
20190708203933.82,35.6680,117.2403,8.6,0.9
20190708213746.59,36.0818,117.6478,3.1,0.3
20190708214218.85,35.6560,116.7508,7.9,0.9
20190708221728.80,35.3917,117.8843,7.5,0.7
20190708230123.75,35.7820,117.3685,0.8,1.6
20190708232321.86,35.3023,116.8793,7.5,2.5
20190708232521.22,35.5202,117.3817,7.3,1.0
20190708235640.34,35.5678,117.5265,4.4,0.4
20190709152900.46,35.5790,117.3563,5.7,1.4
20190709224141.00,35.7115,117.4288,0.8,0.3
20190709025223.12,35.6875,117.5518,0.8,1.3
20190709014547.28,35.3817,116.7388,7.4,2.3
20190709052021.89,35.7067,117.5553,0.8,0.7
20190709115851.80,36.0722,117.7162,0.6,1.1
20190709144146.41,35.6028,117.3827,-1.4,0.3
20190709213445.61,36.3307,116.9810,7.4,3.3
20190709001540.90,35.5670,117.2888,5.6,1.3
20190709001708.29,35.9880,117.5905,5.6,0.5
20190709002925.30,36.0690,117.8762,-1.4,0.8
20190709044730.05,35.7740,117.9537,7.4,1.5
20190709063937.90,35.7462,117.6882,0.6,0.7
20190709072518.66,35.6738,117.3798,3.0,0.4
20190709192004.18,35.4168,117.0375,7.7,0.3
20190709202454.88,35.5667,117.5270,0.7,1.0
20190709205023.44,35.8398,117.5605,0.8,0.4
20190709215716.67,36.3658,117.7268,7.5,0.8
20190709011446.96,35.8117,117.6552,0.8,1.3
20190709015906.61,35.4305,118.5732,18.2,2.2
20190709032219.88,35.7140,116.9875,7.5,0.0
20190709033603.87,35.6955,117.4268,6.9,1.0
20190709042145.30,35.5133,118.5880,-1.3,0.2
20190709065100.56,35.7602,117.5782,0.6,0.9
20190709102022.81,35.8715,116.7962,7.5,2.5
20190709133241.05,35.8688,117.7633,5.1,0.4
20190709134616.86,35.8475,117.6035,5.5,0.1
20190709151504.89,36.2645,117.3872,7.3,1.4
20190709163729.70,35.8398,117.9510,8.9,1.1
20190709183113.36,35.8393,117.6193,1.2,1.0
20190709184453.49,35.8642,117.6383,0.4,0.4
20190709001818.33,35.8463,117.7565,0.8,0.8
20190709003421.42,35.6702,117.5290,0.8,0.3
20190709022415.47,35.6205,117.5193,0.3,0.2
20190709034458.53,35.7773,118.6978,7.5,1.1
20190709041437.84,35.6273,117.4893,0.8,1.2
20190709044304.35,35.9802,117.4307,1.3,0.1
20190709055149.76,35.6797,117.4875,2.0,1.2
20190709055323.31,35.6988,117.5422,2.6,0.9
20190709060417.11,35.7952,117.2090,0.0,1.5
20190709061153.44,35.8610,117.6752,1.4,0.3
20190709061426.48,35.7338,117.7967,-1.4,1.6
20190709101440.14,35.5200,117.6223,0.2,0.3
20190709110246.58,36.1747,117.3258,7.6,1.7
20190709112509.39,35.6425,117.4403,0.0,1.0
20190709124133.71,35.9342,117.6052,0.7,0.7
20190709132805.15,35.8395,116.3377,7.5,1.2
20190709140112.08,35.8748,116.7675,7.5,0.9
20190709141940.44,36.4803,118.1127,7.5,1.5
20190709143456.84,36.1158,117.8495,5.7,0.7
20190709144611.39,36.0825,117.3457,7.5,0.2
20190709153533.42,36.1130,117.6123,6.9,0.5
20190709160342.42,36.1880,117.1793,-1.4,1.4
20190709160606.36,35.2625,117.1465,7.0,1.3
20190709170926.34,35.9088,117.6960,3.3,0.8
20190709172507.50,36.1227,117.6940,1.2,0.8
20190709183620.35,36.4982,118.2277,7.4,1.5
20190709185917.86,36.0692,117.4228,6.0,1.0
20190709190202.60,35.7787,117.6317,0.8,0.8
20190709191746.87,36.3182,117.6453,5.7,1.6
20190709201528.10,35.6955,117.4925,1.9,0.6
20190709205223.66,35.5587,117.4572,1.3,0.5
20190709211236.49,36.1198,117.7887,0.3,0.9
20190709213157.48,36.0310,117.6685,-0.2,0.2
20190709213808.55,35.6698,117.4852,7.2,1.7
20190709220439.70,35.7270,117.2655,-1.4,0.3
20190709224313.97,35.5038,117.4925,0.8,1.2
20190709232045.59,35.1135,117.4600,6.9,1.1
20190709233013.28,35.6223,117.1422,7.3,0.0
20190709000343.17,36.0917,117.2685,7.5,-0.5
20190709000422.14,35.7868,117.6805,5.6,1.1
20190709005434.33,36.3723,116.8817,7.4,1.8
20190709020427.02,35.6270,117.4397,0.9,0.7
20190709021818.72,36.1558,117.9127,5.7,0.6
20190709024526.74,35.5232,117.2850,0.8,-0.2
20190709024711.65,35.1743,117.2658,7.1,1.1
20190709031003.99,36.0903,117.7217,7.1,0.9
20190709031953.47,35.8193,117.6655,2.5,0.4
20190709032014.26,36.0848,117.1932,-1.4,0.1
20190709032832.44,35.8772,117.7018,0.9,0.8
20190709035829.30,35.5913,117.4282,6.8,0.4
20190709045645.89,35.6405,117.4325,8.6,0.5
20190709051432.82,35.6953,117.5840,0.9,1.7
20190709052143.26,35.6777,117.5168,18.2,0.3
20190709060017.38,35.5162,117.1750,-1.3,0.3
20190709062649.51,36.1593,117.3353,7.3,0.8
20190709065022.98,35.7327,117.5205,5.8,0.6
20190709071148.28,35.6325,117.2165,7.5,0.2
20190709074657.07,35.8645,117.6682,1.0,0.1
20190709084316.84,35.6522,117.5130,1.4,0.3
20190709092127.05,36.2025,117.6888,7.9,0.8
20190709093150.99,35.8357,117.7150,1.8,0.8
20190709095106.97,35.7653,116.8720,7.7,-0.4
20190709100245.11,36.0395,117.8067,1.5,0.4
20190709100655.18,35.7570,117.6645,0.3,0.3
20190709102003.69,35.9075,117.7020,1.1,0.5
20190709103100.66,35.7543,117.5075,1.5,0.5
20190709112455.80,35.9960,117.6148,-1.4,0.6
20190709113223.14,35.6697,117.4375,7.7,0.0
20190709114849.35,36.5643,117.3507,7.4,1.6
20190709120932.05,35.2530,118.1690,7.3,1.2
20190709121117.24,35.3955,117.5375,7.4,1.2
20190709121229.64,35.2348,117.7167,7.5,1.9
20190709121318.79,36.0063,117.8278,-0.1,1.2
20190709125249.55,36.2543,116.7478,7.5,1.7
20190709130301.94,35.6610,117.5020,0.8,0.8
20190709133609.33,35.8240,117.6922,6.4,0.5
20190709134939.77,35.9958,117.8523,-1.4,1.5
20190709141551.01,35.6588,117.5902,0.8,1.1
20190709142653.10,35.7238,117.4258,1.5,0.6
20190709150056.23,35.2312,117.0540,7.5,2.7
20190709150459.05,35.6475,117.2508,7.0,0.6
20190709152836.47,35.1127,118.0155,7.5,2.3
20190709153648.03,35.6533,117.4732,1.0,1.3
20190709154844.06,35.7638,117.6637,1.6,0.2
20190709155211.49,35.6857,116.5067,7.5,0.7
20190709162144.78,35.7495,117.5175,1.5,0.5
20190709163046.69,36.0040,117.6567,0.3,0.5
20190709172543.08,35.6490,117.4947,1.9,0.9
20190709174354.92,35.3668,117.0675,8.8,1.9
20190709175016.50,35.9320,118.0487,-1.4,0.7
20190709180017.38,35.9435,117.5215,5.7,0.6
20190709181159.78,36.3107,117.1487,7.6,0.5
20190709184057.19,36.4010,117.1867,7.5,2.7
20190709185704.99,36.0133,118.5805,7.4,1.8
20190709185910.60,36.3647,118.0845,5.5,0.9
20190709190933.21,36.0002,117.6960,8.5,0.8
20190709191035.96,35.7768,117.6383,7.5,0.3
20190709194025.80,35.6160,117.8262,5.6,0.8
20190709195246.61,35.5930,117.4827,0.8,0.5
20190709201239.38,35.7503,117.4772,6.0,0.7
20190709202314.21,35.6365,117.4672,0.9,0.4
20190709211735.28,35.2905,117.7067,7.0,1.4
20190709212842.96,35.4817,117.4650,0.9,0.6
20190709215738.30,35.5717,117.4115,7.5,1.0
20190709220732.73,35.3660,117.9378,7.5,1.4
20190709220926.66,35.4462,117.9425,7.7,0.3
20190709221459.26,35.1335,117.4005,7.6,0.9
20190709230809.66,35.7095,117.5127,1.1,1.0
20190709231758.71,36.1268,116.6493,7.4,1.3
20190709000158.41,36.1213,117.8050,-1.4,1.7
20190709000519.09,35.8803,117.7218,8.0,0.6
20190709003234.42,36.0783,117.7467,7.7,0.7
20190709005004.49,35.3782,117.6290,3.4,1.1
20190709011730.22,35.5943,117.4252,0.4,0.2
20190709012356.48,35.7297,117.6215,0.8,0.8
20190709013959.88,35.6980,117.4935,5.5,1.5
20190709021056.24,35.9157,117.7238,0.2,0.8
20190709023618.72,35.6635,117.5505,0.8,1.0
20190709024350.67,35.8663,117.2850,7.1,0.8
20190709030218.48,35.5943,117.4345,1.6,0.4
20190709030424.74,35.7522,117.6963,5.7,0.8
20190709030817.82,35.1208,117.0277,7.5,1.6
20190709031429.36,36.0015,117.5935,12.4,0.3
20190709033505.00,35.3050,118.4313,7.5,2.2
20190709033900.00,35.7965,118.0702,6.7,1.0
20190709034548.62,36.2680,117.0468,8.1,0.9
20190709035901.46,35.9455,117.6790,0.8,0.8
20190709035953.65,35.4167,117.3748,7.3,1.5
20190709041129.75,35.6115,117.8990,6.9,1.0
20190709041836.05,35.7620,117.6672,0.6,0.6
20190709042039.52,35.6210,118.2615,7.5,0.6
20190709044834.12,35.9752,117.7833,1.3,1.6
20190709052013.95,35.4202,117.8463,7.4,1.5
20190709054508.10,35.8840,117.3798,7.6,2.3
20190709055704.80,36.1050,117.8765,10.7,0.6
20190709062012.15,35.1285,117.3840,7.2,1.8
20190709064001.99,35.7087,116.5348,7.5,2.1
20190709065933.58,35.9617,117.6782,0.7,0.8
20190709075845.55,35.4830,116.5480,7.4,1.6
20190709080057.92,35.9720,117.4380,7.7,1.9
20190709083159.82,35.7557,117.7508,5.6,1.0
20190709084122.14,35.8925,117.7830,7.6,0.1
20190709084228.80,36.3918,117.3640,7.6,1.8
20190709092020.64,35.4840,117.3215,6.8,0.2
20190709094057.19,35.1490,117.7442,7.4,0.9
20190709094615.61,35.6017,117.5072,3.0,1.1
20190709101906.78,35.8075,117.5142,0.8,0.5
20190709102543.37,35.6108,117.7655,-0.3,-0.6
20190709102842.05,35.7018,118.0960,7.5,0.9
20190709103349.52,36.1082,117.2700,6.9,0.3
20190709103555.95,35.7580,116.6263,7.5,0.4
20190709111201.40,35.4638,117.6180,6.0,1.0
20190709111417.08,36.0252,117.6495,0.6,-0.1
20190709112825.45,35.7682,117.6683,4.7,0.5
20190709121011.86,35.7817,117.6687,0.8,1.1
20190709121412.07,35.6817,117.4192,6.7,1.2
20190709121540.86,35.5948,118.1780,8.1,1.3
20190709133203.60,35.4813,117.5700,6.2,-0.1
20190709134025.09,35.8658,117.5612,7.5,1.9
20190709135953.95,35.6985,117.3890,7.5,0.7
20190709140005.82,35.4673,118.0077,7.4,1.4
20190709140248.00,35.8152,117.7162,7.4,0.0
20190709141746.49,35.4772,117.9993,68.6,1.5
20190709142242.57,35.7960,118.6485,7.5,0.7
20190709144628.47,35.4997,117.7182,7.6,-0.2
20190709145327.34,36.0155,117.8065,1.7,-0.3
20190709145429.34,35.3102,117.8858,7.4,0.9
20190709151513.90,35.2055,117.4970,7.4,1.0
20190709152749.70,36.1705,117.0037,7.5,0.9
20190709152753.89,36.0925,117.6210,-0.8,0.1
20190709160154.85,35.9238,117.7648,5.6,0.9
20190709161311.80,35.2792,118.3088,7.5,0.7
20190709165736.67,35.6648,117.6090,0.9,0.5
20190709165758.63,36.0722,117.1133,7.6,1.0
20190709165950.30,35.3548,117.4758,7.9,1.1
20190709172630.41,35.8052,117.5808,10.0,1.0
20190709173533.25,36.0903,117.8333,-1.4,1.4
20190709174039.93,35.7485,117.5560,-1.4,0.5
20190709174922.42,35.7660,117.2970,6.4,0.7
20190709180421.81,35.7213,117.3263,7.4,0.4
20190709180423.04,35.6492,117.6333,0.1,0.2
20190709184313.70,35.6758,117.5618,7.6,1.1
20190709185555.67,35.7940,117.4165,3.2,0.7
20190709190428.63,35.3312,118.2948,7.4,0.6
20190709191742.81,35.9780,117.4322,84.9,2.3
20190709193451.98,35.1008,117.1982,7.4,1.2
20190709200151.45,35.5185,117.5537,0.8,0.7
20190709200932.73,35.7587,116.9240,7.3,1.2
20190709203119.55,35.8202,117.6537,0.5,0.3
20190709210026.12,36.1243,116.6370,7.5,1.2
20190709210801.90,35.6725,117.5163,12.8,0.9
20190709210806.93,35.4268,117.3832,7.4,0.1
20190709221025.20,35.5552,117.6218,5.7,1.6
20190709230126.33,35.2560,117.5175,7.4,0.2
20190709230500.20,35.9062,117.6095,9.6,1.4
20190709232907.84,35.0333,117.6493,-1.4,0.1
20190709233001.38,35.2010,117.9490,7.3,0.3
20190709234501.64,35.7918,117.6278,0.8,1.1
20190710120538.68,35.4713,118.3030,71.3,0.6
20190710233055.21,36.0773,117.8307,-0.8,1.5
20190710064736.12,36.1127,117.8382,-1.0,1.2
20190710150144.01,36.3355,116.8292,6.5,3.2
20190710161404.19,36.1312,117.8590,-0.6,0.9
20190710135405.90,36.1902,117.1842,7.3,1.9
20190710045331.60,35.6773,117.4758,1.0,0.2
20190710180111.00,36.0263,116.9320,7.5,2.0
20190710190531.27,35.9787,117.5540,5.9,1.0
20190710071241.40,35.9483,117.4882,0.0,0.8
20190710134536.51,35.6215,117.4677,6.2,0.3
20190710165135.14,36.3690,117.7997,4.2,0.9
20190710190701.52,35.6115,117.4218,0.1,0.8
20190710020540.22,35.7485,117.5038,0.9,0.6
20190710063753.05,36.0882,117.8217,6.3,0.6
20190710083053.75,35.0017,118.2250,-1.4,0.8
20190710113300.89,35.7748,117.5362,0.7,0.8
20190710174758.70,36.0000,117.6988,1.0,1.0
20190710010020.35,35.8490,117.6660,0.8,0.2
20190710020820.13,36.2877,117.1133,7.4,1.1
20190710050947.56,36.1482,117.2748,-1.4,0.3
20190710053737.18,35.7323,117.4407,0.8,1.3
20190710061910.18,36.3530,117.9332,7.7,2.9
20190710065112.20,35.8843,118.5998,7.5,1.0
20190710070948.14,35.8488,117.6823,3.0,0.7
20190710101254.55,35.3445,117.6865,7.5,1.0
20190710120319.06,36.1390,117.8703,7.5,0.8
20190710155742.02,35.6233,117.6027,2.7,0.0
20190710161103.99,35.9267,117.7413,-0.8,0.5
20190710181413.18,35.4582,118.6292,7.5,1.3
20190710214753.40,35.5595,117.2775,1.4,0.1
20190710220135.61,35.8897,117.6582,0.8,0.3
20190710001521.29,35.6022,118.2990,7.4,1.6
20190710003041.85,36.0058,117.6843,0.8,1.2
20190710005430.87,36.1082,118.5718,7.4,1.3
20190710005454.43,35.9230,117.6355,-1.2,0.6
20190710010543.21,35.6957,117.5123,1.0,0.8
20190710010722.96,35.7080,117.5172,0.1,0.8
20190710012913.06,35.9958,117.8203,-0.8,1.1
20190710013034.14,35.5355,117.2907,0.8,0.5
20190710013725.11,36.0210,117.8338,0.1,0.9
20190710014923.28,36.4518,118.0198,7.6,1.2
20190710015724.61,35.8065,118.5713,7.9,0.1
20190710020020.67,35.9278,117.6992,0.8,0.5
20190710022129.46,35.6920,117.4920,1.3,0.2
20190710033956.76,35.9490,118.5998,7.4,1.3
20190710034819.75,35.8248,117.5325,7.4,0.7
20190710040209.05,35.7432,116.7125,7.4,1.0
20190710040726.57,35.5020,117.3947,7.5,0.9
20190710041612.58,35.9545,117.8843,7.5,0.3
20190710043222.15,35.9455,117.8840,7.2,0.8
20190710044228.08,35.6913,117.5230,0.8,1.1
20190710062150.14,35.6398,117.4370,7.4,1.6
20190710065117.75,36.1957,117.1163,8.1,0.9
20190710072546.86,35.4502,116.5342,9.8,0.8
20190710073151.37,35.8142,117.6495,5.8,0.6
20190710073348.91,36.0255,118.3447,8.5,2.2
20190710073821.92,35.7860,117.4917,2.8,1.2
20190710075856.14,35.6590,117.3007,31.0,2.6
20190710080625.71,35.7352,118.4362,7.5,1.2
20190710082235.23,35.7623,117.4735,8.2,1.7
20190710085105.89,35.8710,117.6160,0.7,0.4
20190710085326.01,35.5262,117.3742,-0.1,0.0
20190710092841.10,36.0733,117.8493,-1.3,0.4
20190710101002.93,35.8348,117.6235,0.5,0.1
20190710103211.44,35.2852,116.5232,7.2,0.2
20190710124240.19,36.0232,117.5072,-0.6,0.3
20190710125340.41,36.0332,118.5965,7.4,0.8
20190710133038.71,35.6472,117.5150,1.5,1.1
20190710142056.15,36.0180,117.5825,6.5,0.0
20190710143652.52,35.9247,117.7185,-0.3,0.2
20190710145852.97,35.6285,117.5990,1.1,0.1
20190710153402.47,35.8547,117.3613,5.8,0.0
20190710160022.63,36.1147,117.8140,-1.4,0.5
20190710161907.31,35.3397,117.9347,-1.4,0.5
20190710165626.77,35.6020,117.2755,5.9,1.1
20190710172142.38,35.7357,117.5498,1.7,0.2
20190710185121.72,35.9450,118.4293,7.4,2.2
20190710192640.72,35.7617,117.5158,0.8,0.8
20190710195545.07,35.6065,117.2858,0.8,0.4
20190710211919.23,35.3683,117.5235,7.5,0.8
20190710221248.08,35.8047,117.6052,7.1,0.1
20190710233312.14,35.9567,117.9768,7.0,-0.5
20190710000151.88,35.7963,117.5317,3.0,0.3
20190710003557.01,35.5345,116.8243,7.5,-0.1
20190710010253.36,36.0872,117.7818,4.9,1.1
20190710011008.61,35.9965,117.4662,7.6,0.4
20190710011101.77,36.1900,116.6152,7.5,0.4
20190710014127.28,35.7000,117.7597,-1.2,0.3
20190710020114.12,35.4605,117.2488,6.6,1.4
20190710021903.34,35.5972,116.7028,7.4,1.3
20190710023430.19,35.9328,117.6237,0.9,1.1
20190710033314.26,35.7352,117.7280,0.8,1.3
20190710033631.76,36.0832,116.7305,7.5,0.7
20190710035423.00,35.1553,118.1853,7.5,1.4
20190710040043.51,35.5217,118.2415,7.3,0.8
20190710040500.43,35.4873,117.8248,8.0,1.1
20190710040510.49,35.9982,117.9083,5.6,0.8
20190710044920.54,35.7218,117.4833,0.8,1.0
20190710054259.05,35.1977,116.6000,7.5,0.8
20190710061525.55,36.0598,118.1360,7.6,1.8
20190710061636.12,35.6985,117.5682,0.8,0.6
20190710061659.97,35.7238,117.6580,1.4,0.8
20190710061717.09,35.9302,117.4308,7.8,0.5
20190710073036.75,36.0733,117.5572,3.3,1.1
20190710075143.08,35.8877,117.7103,0.8,0.5
20190710081500.04,35.7972,117.4308,8.1,-0.2
20190710083644.21,36.1293,118.2652,7.5,1.6
20190710090532.87,35.8230,117.7637,10.6,0.4
20190710091519.59,35.5783,118.4512,5.8,1.2
20190710091648.54,35.6485,117.6445,1.5,0.2
20190710092913.15,36.1565,117.5982,8.6,0.4
20190710094123.95,36.0328,117.8480,-1.4,0.9
20190710094824.59,35.9728,117.8627,-1.4,0.0
20190710110524.37,36.1518,116.7505,7.6,0.5
20190710115053.51,35.5503,116.5777,7.4,1.2
20190710115950.71,35.9665,116.9315,4.0,3.4
20190710135206.63,36.0012,118.5020,7.5,1.6
20190710143744.33,35.5373,117.7980,6.9,1.6
20190710152233.15,35.4525,117.4365,7.4,0.9
20190710154634.46,35.4425,118.0752,7.4,0.9
20190710164502.88,36.3192,117.9360,7.1,0.8
20190710165454.88,35.0470,117.5437,6.8,1.4
20190710171039.43,35.6043,117.6977,5.4,0.3
20190710171847.45,35.7487,117.6813,1.5,1.0
20190710175718.59,35.9497,117.7765,0.8,0.8
20190710180542.84,35.6122,117.7537,-1.4,1.4
20190710180709.77,35.3505,118.3635,7.5,1.1
20190710182426.19,36.0437,117.2805,7.6,1.3
20190710184226.15,35.6927,117.4945,0.8,0.2
20190710185837.14,35.9162,117.0827,11.0,0.6
20190710190327.60,36.0742,117.8148,0.3,0.2
20190710191931.69,35.5983,117.3323,7.6,0.9
20190710192426.14,36.2890,117.7202,6.9,1.1
20190710192856.88,35.9307,118.0003,7.4,1.1
20190710201554.32,35.7498,117.6472,0.8,1.1
20190710211415.83,35.7470,117.7452,-0.2,0.4
20190710220512.90,35.6002,117.2953,6.9,0.5
20190710223150.82,35.3477,116.8155,7.5,1.0
20190710224618.11,35.6543,117.3532,6.7,-0.1
20190710231302.00,35.8602,116.5847,7.5,1.0
20190710232602.42,36.1672,117.8880,7.4,0.3
20190710235019.05,35.3463,117.9062,0.5,0.7
20190710000637.77,36.2660,117.6960,8.1,1.1
20190710002351.72,35.6290,117.0875,7.8,0.9
20190710002901.67,35.8205,117.2563,7.9,0.0
20190710005618.65,35.8035,116.8088,7.4,0.3
20190710010408.04,35.6227,117.5990,0.8,1.1
20190710020345.46,35.9778,117.7872,0.5,0.2
20190710020832.17,35.8057,117.3537,6.9,1.7
20190710023215.98,35.6123,117.5563,-0.5,0.0
20190710023726.59,35.7108,118.3797,7.4,1.1
20190710025155.43,35.1765,116.9730,7.4,1.5
20190710030141.03,35.7487,117.5600,1.0,1.3
20190710030352.15,35.6300,117.4607,0.8,1.2
20190710031349.67,36.1575,117.8708,7.4,0.1
20190710032402.88,35.8753,117.7063,1.1,0.5
20190710033711.69,35.1190,118.3878,7.5,1.4
20190710034722.00,36.0042,117.6667,0.8,0.3
20190710035217.48,35.8173,117.4295,7.7,1.6
20190710041956.72,35.4272,117.7075,7.5,0.8
20190710042241.34,35.7718,117.5207,0.8,0.3
20190710052905.36,36.0440,117.6812,0.8,-0.2
20190710054247.60,35.7352,118.4833,7.5,0.4
20190710060553.42,36.4430,117.1742,7.4,2.0
20190710062005.75,35.9075,117.8312,7.0,1.6
20190710063736.59,36.1163,117.8003,1.1,0.6
20190710071704.02,35.7867,117.5562,10.9,0.4
20190710073945.04,35.7283,118.1378,7.1,1.0
20190710081234.73,35.5632,117.4748,50.9,3.2
20190710083718.32,34.8983,117.9680,7.4,1.0
20190710084702.56,35.6810,117.5660,0.9,0.6
20190710090309.52,35.7585,117.6305,1.2,0.5
20190710095109.49,36.0228,117.7163,3.9,0.8
20190710095446.70,35.7068,117.5860,0.8,0.0
20190710101319.35,35.9057,117.5760,0.9,1.4
20190710101442.21,35.3585,118.1418,7.4,1.1
20190710103507.28,36.6698,117.3845,19.2,1.7
20190710110019.73,36.1292,117.5753,3.0,0.3
20190710111304.96,35.5115,116.5608,7.5,1.0
20190710112647.96,35.8365,116.9350,7.5,0.6
20190710114026.41,35.7458,117.5098,0.8,0.5
20190710131531.96,35.9337,117.6703,0.1,0.0
20190710132601.39,35.9163,117.6428,-0.6,0.2
20190710133556.91,35.8512,117.9907,7.6,0.7
20190710140912.76,35.9503,117.3600,7.1,1.8
20190710141330.96,35.7440,116.6348,7.4,0.5
20190710143343.24,35.7622,117.5197,1.3,0.1
20190710150159.95,35.7300,117.5078,7.5,1.7
20190710153237.70,35.9842,117.6198,3.8,0.9
20190710154939.74,35.8923,117.7933,7.5,1.0
20190710155430.76,36.0328,118.4412,7.5,0.5
20190710161742.52,36.5643,117.7985,7.4,1.8
20190710164204.70,35.3447,116.8167,7.4,1.3
20190710165334.44,35.9142,117.6248,0.3,0.4
20190710174552.59,35.7862,117.6530,7.8,1.0
20190710175055.31,36.0985,118.5938,7.5,1.3
20190710175753.04,36.4328,117.9048,8.0,1.2
20190710181851.79,35.6017,117.7287,0.0,0.6
20190710182210.05,35.6812,117.3995,5.7,-0.2
20190710183826.82,35.8888,116.7807,7.5,0.6
20190710185806.21,36.0417,117.6328,5.6,0.5
20190710192316.10,35.5592,117.4778,0.8,-0.2
20190710194257.43,35.6180,118.4673,7.5,1.2
20190710195007.49,35.7038,118.0000,7.4,0.8
20190710195034.87,35.3357,116.9883,7.7,0.8
20190710203120.60,36.0917,117.8415,4.6,1.6
20190710203537.16,35.5692,117.6562,7.4,-0.1
20190710205721.73,35.3108,117.6442,7.4,1.5
20190710210918.33,35.5805,117.2882,6.0,0.6
20190710221431.61,36.3530,116.7185,7.5,0.7
20190710223200.47,35.5972,117.1353,7.6,0.9
20190710235751.73,35.5618,117.3935,9.2,0.7
20190711000854.59,36.1798,117.8693,-1.2,2.1
20190711182822.24,36.1228,117.6797,-1.4,1.3
20190711132750.45,36.0252,117.9430,-1.4,0.6
20190711004203.00,35.2677,117.6660,5.9,0.9
20190711054657.94,36.3120,117.2005,7.5,1.8
20190711013427.35,36.5317,118.1643,6.8,1.9
20190711014414.10,35.9068,117.7645,0.7,0.5
20190711032307.89,35.7040,117.4892,2.6,0.9
20190711063323.09,36.0673,117.8313,-0.9,0.5
20190711100243.84,35.4448,117.4210,5.5,0.9
20190711014219.78,35.9917,117.7322,0.6,0.9
20190711033918.79,36.0647,118.1390,5.9,-0.2
20190711044135.60,36.1930,117.8900,5.6,1.4
20190711051540.37,36.1193,117.7123,-1.4,0.8
20190711061518.26,35.7575,117.6733,6.5,0.1
20190711093851.08,36.3337,116.8533,8.8,0.2
20190711101838.36,36.0112,117.6010,0.1,-0.1
20190711113555.98,35.4633,116.5735,7.6,2.7
20190711131545.74,35.7043,117.5248,3.4,0.7
20190711133412.69,35.8370,117.4718,0.4,0.7
20190711151010.24,36.0313,117.6703,7.3,2.2
20190711181015.14,36.1188,117.7717,7.6,1.7
20190711011147.51,35.7245,117.5108,0.9,0.6
20190711013241.57,35.7323,117.5082,0.5,0.1
20190711031910.27,35.7853,117.7692,6.7,0.7
20190711062839.85,34.8583,117.6503,7.4,1.3
20190711072403.66,35.5728,117.8740,33.2,0.4
20190711073627.27,35.3327,117.9992,5.7,0.6
20190711075044.72,35.7347,117.2612,6.7,0.3
20190711084301.06,36.3850,118.2380,7.7,0.9
20190711134809.56,35.9300,117.7248,0.6,0.6
20190711160421.99,35.7758,117.5162,1.1,0.4
20190711212515.90,35.7425,117.4835,0.8,1.4
20190711213101.18,35.9593,117.3830,5.5,0.7
20190711010707.19,36.0558,116.7615,7.3,0.9
20190711013436.14,36.0417,117.7062,3.0,0.1
20190711015638.92,36.3328,117.6252,7.4,1.2
20190711020456.41,35.7288,117.6327,0.9,0.6
20190711022211.95,36.0918,118.1248,7.1,0.8
20190711022230.99,36.4408,117.1012,7.1,1.5
20190711022802.42,35.6775,117.6710,0.5,0.9
20190711031834.17,36.1703,117.6960,14.7,0.5
20190711032147.30,35.9363,118.4647,7.6,2.0
20190711034343.07,36.0068,117.6933,-0.3,0.6
20190711035053.80,35.6722,117.6533,0.8,0.7
20190711042934.97,35.6305,117.6553,0.5,0.2
20190711045055.03,35.9203,118.0382,21.6,0.8
20190711051828.20,35.0210,117.2322,8.0,1.1
20190711053353.41,35.8102,117.7233,0.8,0.5
20190711060542.98,35.4902,117.4152,0.7,0.1
20190711063918.40,35.7273,117.5702,0.9,-0.1
20190711065903.30,35.5298,117.0542,8.2,-0.1
20190711070419.40,35.4697,118.1878,7.5,1.8
20190711075746.03,35.6937,117.4990,0.8,0.3
20190711083703.79,35.1655,117.5362,7.0,0.7
20190711085004.43,35.5508,117.4728,0.7,0.6
20190711085737.63,36.2387,116.9212,7.4,0.9
20190711100924.23,36.2188,117.6188,7.4,0.9
20190711103725.08,36.0592,117.8183,-1.4,0.3
20190711114742.63,35.7237,118.2132,7.6,0.9
20190711115951.91,35.3245,116.8463,7.5,1.2
20190711130425.24,36.0245,117.4310,7.3,0.8
20190711132421.01,35.9437,117.6695,0.8,0.3
20190711155045.55,34.9867,117.5730,7.7,1.8
20190711160537.38,36.1933,117.9130,0.4,0.0
20190711163522.24,35.5050,117.3538,-0.9,0.6
20190711180558.40,36.2047,117.8142,7.5,1.3
20190711184040.57,35.1070,116.9252,7.9,1.1
20190711194259.63,35.1265,117.2018,7.6,0.9
20190711215351.68,35.4798,117.4047,0.8,0.7
20190711220955.34,36.2250,118.1885,7.4,0.4
20190711234041.98,35.8440,118.4503,7.9,0.6
20190711234317.87,35.6523,117.5053,0.9,0.3
20190711004823.52,36.2052,117.4852,8.1,-0.1
20190711024712.23,35.2087,117.6272,7.4,2.2
20190711033937.91,35.5927,117.4577,5.4,-0.2
20190711043142.81,36.0905,117.7892,-1.4,1.0
20190711045932.54,34.8123,117.5290,7.4,1.5
20190711051531.14,34.9322,117.3308,7.4,1.8
20190711051907.29,36.0577,118.3050,7.5,1.4
20190711052359.03,35.9210,117.8243,-1.3,1.2
20190711053522.97,35.5578,117.4345,1.5,0.3
20190711054924.88,36.3280,117.6608,7.5,0.8
20190711055513.65,35.9750,117.8380,7.4,0.8
20190711055942.81,36.4425,117.1557,7.5,1.4
20190711062150.41,36.2130,118.0362,7.7,1.3
20190711064232.53,35.8632,117.7068,0.8,0.7
20190711071551.76,35.9672,117.4912,7.5,0.6
20190711071806.60,35.6215,117.5062,0.7,0.0
20190711081039.69,35.8613,117.7143,-1.4,0.9
20190711082143.44,35.8830,117.7983,-0.5,1.5
20190711090219.59,36.4128,117.8157,7.6,1.4
20190711092552.98,35.4828,117.7553,5.7,0.0
20190711093338.66,35.8635,117.7787,-1.2,0.7
20190711093342.97,35.6560,117.3647,5.5,0.0
20190711094012.08,35.6797,118.4350,7.5,0.8
20190711095245.03,35.1377,118.3722,7.5,1.8
20190711100834.43,36.1962,117.2538,7.4,0.7
20190711102252.08,35.6695,117.5010,0.5,0.5
20190711103917.16,36.1472,117.4027,7.2,2.1
20190711104026.83,36.0067,117.6490,4.7,-0.1
20190711104855.79,36.0243,116.6348,7.4,0.5
20190711105550.60,35.6612,117.3663,0.3,7.0
20190711113559.01,35.4585,117.5882,0.8,3.1
20190711120104.36,36.0767,117.2205,7.3,0.8
20190711120624.21,36.1888,117.7928,7.2,1.3
20190711122201.78,35.7243,117.5228,0.8,1.9
20190711124037.17,35.5318,117.3977,0.7,0.3
20190711124751.65,35.6110,117.3090,0.8,0.3
20190711132409.71,36.1278,117.6097,1.1,0.0
20190711135223.37,35.6448,117.5523,-1.4,0.9
20190711140112.23,36.3205,117.2297,7.5,0.6
20190711141530.46,36.2653,117.8107,7.5,0.7
20190711142404.62,35.3945,117.4218,5.7,0.5
20190711143654.31,35.6123,117.4732,0.5,0.8
20190711151216.44,36.0548,117.8512,-0.5,0.1
20190711151251.59,36.1020,118.2827,7.5,-0.2
20190711153827.18,35.6960,117.3187,0.8,1.2
20190711154918.14,35.7853,117.5947,0.8,1.5
20190711163727.47,35.5065,118.2710,7.8,0.3
20190711164713.72,35.1842,117.2327,7.5,0.3
20190711180043.64,36.0488,118.0590,-1.4,0.6
20190711181429.20,35.8153,118.2615,7.5,0.8
20190711185558.74,35.6038,117.7045,6.4,1.1
20190711190418.83,36.5738,117.9725,7.4,1.5
20190711190950.05,36.5235,118.1557,7.4,2.2
20190711191758.18,35.5675,117.3222,-1.4,1.1
20190711192520.42,35.7813,117.4978,2.6,0.6
20190711195848.19,35.6155,117.0498,6.1,0.2
20190711203551.94,35.2480,117.6873,7.4,1.2
20190711204830.11,35.3752,117.2702,-1.4,0.1
20190711215155.13,35.9307,118.5135,8.3,2.9
20190711224436.44,35.8150,117.5305,6.4,0.2
20190711230006.05,36.1113,117.8190,1.5,1.8
20190711000150.64,36.0078,118.4172,7.4,1.6
20190711012421.98,35.2275,117.6942,0.8,1.3
20190711013009.36,35.8047,117.5755,6.4,1.4
20190711013306.18,35.8453,118.1612,7.5,0.5
20190711015413.49,35.8537,116.5470,7.4,0.8
20190711015936.17,36.4905,117.3453,7.5,0.9
20190711023331.75,36.0963,117.9090,7.5,0.8
20190711030738.70,36.0098,117.5590,0.8,0.4
20190711033340.55,35.8177,117.6428,8.4,1.0
20190711033921.32,36.1610,117.0248,7.5,1.0
20190711034919.21,36.0965,117.4223,7.1,1.9
20190711041530.60,36.0000,117.3643,5.5,1.3
20190711041733.37,35.4518,117.3498,0.8,1.1
20190711042255.01,35.9833,117.5330,6.3,0.2
20190711051028.97,35.5817,117.5490,0.5,0.6
20190711051709.87,35.7043,117.6378,1.8,0.8
20190711052607.60,36.2178,117.9343,-0.9,0.3
20190711052959.26,36.2537,117.6008,8.3,1.1
20190711053211.37,36.4307,117.7653,7.1,1.1
20190711053907.10,35.7158,117.5115,0.2,0.8
20190711054954.17,35.6328,117.5138,0.8,1.4
20190711055140.10,35.2843,116.8933,7.4,0.6
20190711055224.80,35.7110,117.7142,7.3,2.3
20190711063625.06,35.8185,117.6528,0.8,0.1
20190711065155.85,35.7542,117.5867,8.4,0.0
20190711070234.40,35.5670,117.3067,0.8,0.6
20190711070251.10,36.0067,117.7375,4.1,1.1
20190711071059.59,35.8983,117.7160,0.0,1.5
20190711071150.73,35.1242,117.8513,7.4,1.9
20190711071615.44,35.7065,117.4775,0.4,0.9
20190711071723.60,35.9000,117.9165,5.5,0.6
20190711073409.37,35.9878,117.4965,0.0,0.6
20190711081015.15,35.2427,116.9663,56.3,1.2
20190711083355.99,35.3322,116.8132,7.1,0.3
20190711083800.69,35.7153,117.5053,0.2,0.9
20190711084705.08,34.9497,117.6627,7.4,0.9
20190711090022.13,36.2372,117.0192,7.5,1.7
20190711091723.38,35.5982,117.4783,0.8,0.2
20190711093306.15,35.9733,117.4080,0.6,0.2
20190711094421.93,35.9742,117.7603,5.6,-0.2
20190711094618.10,36.0818,117.8273,2.9,0.6
20190711100116.13,35.2953,116.9923,57.8,1.3
20190711100119.97,35.0730,118.2792,7.7,1.0
20190711100418.46,35.9587,117.5717,0.2,0.8
20190711105034.03,35.8060,117.5353,7.7,0.9
20190711105300.34,35.5973,117.2688,7.4,1.0
20190711105336.33,35.6090,117.4108,0.8,0.4
20190711110519.42,35.7308,117.4860,5.7,0.2
20190711114051.78,35.8753,117.5153,5.7,1.1
20190711120042.76,36.0287,117.8017,-0.9,-0.4
20190711121730.69,36.0272,118.6112,7.5,1.6
20190711124701.62,35.6323,117.4265,1.6,-0.1
20190711125308.69,35.5332,117.6450,6.8,0.2
20190711125514.75,36.0412,117.7720,-0.2,0.3
20190711132310.75,36.1692,117.4677,7.5,0.7
20190711132350.49,35.6938,117.4622,0.8,0.9
20190711132513.22,35.2472,118.1873,7.6,1.3
20190711133940.60,36.2952,118.1573,7.4,0.6
20190711140751.10,35.7100,117.6203,7.4,1.0
20190711141218.30,35.7487,117.4443,3.9,0.5
20190711142932.02,35.9913,117.7957,14.6,-0.1
20190711143624.10,36.1815,117.1628,7.0,0.5
20190711144915.25,35.9433,117.8072,0.5,0.3
20190711150210.73,35.6292,117.5155,0.8,0.9
20190711150229.63,35.9940,117.3258,5.5,0.9
20190711150357.98,36.1697,117.9028,4.7,1.5
20190711151345.95,35.7258,118.0173,7.4,0.9
20190711152653.81,35.4582,117.2873,6.3,0.0
20190711154742.66,35.5675,117.4552,1.8,0.3
20190711155411.85,35.5665,118.3338,15.5,0.6
20190711162813.82,36.2810,117.2107,7.6,1.6
20190711165216.81,35.4948,117.3870,-1.4,0.7
20190711170050.23,35.8915,117.5263,4.0,0.7
20190711174859.77,35.6407,117.5733,6.2,0.6
20190711174925.90,35.6978,117.5572,0.8,0.7
20190711180051.13,35.5178,117.4960,7.3,0.5
20190711182610.88,35.0967,118.0703,7.4,1.3
20190711184724.18,35.7533,117.8947,6.8,1.9
20190711190643.79,35.9977,117.8703,7.3,0.4
20190711193648.55,35.5150,117.3847,0.4,0.4
20190711194735.17,35.2270,117.8303,7.3,1.8
20190711204330.58,35.4990,118.2420,8.0,0.5
20190711205313.15,36.3107,117.8372,5.7,0.6
20190711210757.04,35.6630,117.7038,-0.9,0.7
20190711214213.91,35.7147,117.6258,0.9,0.9
20190711214523.89,35.3173,117.3038,6.1,0.8
20190711214818.07,36.2198,117.9667,7.5,0.9
20190711221632.12,35.8743,117.5055,8.1,1.4
20190711224004.74,36.3283,117.4725,-1.3,1.5
20190711224023.11,35.8082,117.5217,2.5,1.2
20190711225531.17,35.9108,117.6920,0.7,0.4
20190711230312.28,35.5438,117.4233,-1.2,0.1
20190711230417.84,35.6910,117.4513,0.8,0.9
20190711231512.85,35.6855,117.5748,1.0,0.8
20190711231551.41,36.0018,117.5593,7.6,0.3
20190711234442.05,35.9540,117.7018,4.7,0.2
20190711235804.28,35.9157,117.7003,3.7,0.1
20190711004914.57,36.0438,117.8453,6.2,0.3
20190711005356.19,36.2272,117.9477,5.7,-0.1
20190711013658.81,35.6242,117.3377,1.8,1.2
20190711015633.54,35.1422,117.7207,7.2,1.7
20190711015838.47,36.0605,117.1122,7.6,0.7
20190711020929.15,35.5177,117.5022,22.9,1.1
20190711022041.37,35.9972,117.7002,4.8,1.0
20190711023338.95,36.1850,117.7440,7.6,1.6
20190711023352.49,35.7367,117.7357,7.5,0.9
20190711024240.23,35.1990,118.1715,7.4,1.0
20190711044110.71,35.3513,118.2160,7.7,0.7
20190711050041.82,35.9108,117.6225,2.0,1.0
20190711050116.43,35.1220,118.3343,7.5,1.9
20190711050342.63,36.0627,117.1878,7.5,2.8
20190711050827.66,35.5410,118.1732,7.3,0.8
20190711052519.71,35.6150,118.1105,7.4,1.8
20190711061737.70,36.1993,117.8997,2.5,0.9
20190711063635.41,35.7642,118.2300,7.4,0.9
20190711064004.92,36.0843,117.7235,0.8,0.8
20190711071647.62,34.8920,117.9603,7.5,0.7
20190711072755.02,35.2378,117.7062,7.5,3.4
20190711074426.94,36.2062,117.7627,7.4,1.8
20190711075910.24,36.1112,117.8155,-0.3,0.6
20190711080024.64,35.6048,117.4163,0.5,0.9
20190711080534.82,36.2023,117.7612,5.6,0.4
20190711083146.37,36.2337,116.9767,7.5,0.4
20190711083310.71,35.6185,117.4113,0.7,0.0
20190711085937.86,35.5042,117.8862,8.8,0.5
20190711093402.26,35.9282,117.7215,6.5,0.6
20190711093644.36,35.4342,116.8925,7.0,0.1
20190711093712.36,35.8687,117.8673,6.8,1.1
20190711094838.99,36.0227,117.7393,7.4,0.6
20190711101139.28,36.2583,118.0458,8.1,7.0
20190711102732.47,35.8365,117.4023,8.3,2.4
20190711111916.11,35.6332,117.3928,1.1,0.7
20190711113943.13,35.3140,118.1682,7.7,1.0
20190711114327.01,36.2590,117.4277,7.4,1.5
20190711114435.65,36.0882,117.1102,7.7,0.4
20190711122850.12,35.5035,117.2952,1.5,0.2
20190711130118.96,35.5263,117.0663,7.6,0.7
20190711135140.75,35.6748,117.4730,0.7,0.3
20190711140657.74,35.6690,116.7560,7.1,1.5
20190711141720.56,35.5645,117.5395,0.8,0.8
20190711145223.61,35.5442,116.9273,7.5,0.6
20190711154007.55,36.1645,118.0253,-1.4,2.0
20190711155102.67,36.0420,118.0192,7.4,2.6
20190711155108.99,36.1730,117.7673,7.5,2.4
20190711160440.90,35.2168,118.2190,7.5,0.4
20190711161006.41,36.0418,117.9885,7.4,-0.4
20190711161459.75,35.8757,117.7367,1.5,0.4
20190711161610.95,35.6493,117.5470,7.5,-0.8
20190711162535.39,35.4118,118.1013,7.4,1.1
20190711164601.64,35.6967,117.4255,5.1,1.0
20190711165040.57,35.1172,117.1822,83.0,1.0
20190711171108.96,35.8055,117.5985,6.0,1.2
20190711172215.66,35.7158,117.3213,0.8,1.2
20190711173927.72,35.8413,117.3563,5.8,0.9
20190711181654.05,36.3535,118.5338,7.4,1.2
20190711183622.39,36.4585,117.2087,7.4,1.5
20190711185015.07,35.8893,117.6872,1.0,0.8
20190711185427.58,35.6123,117.3883,4.7,0.9
20190711185736.05,35.5927,117.3953,0.8,0.7
20190711190629.53,35.4975,117.4597,7.4,-0.5
20190711192840.12,35.7745,118.5402,7.3,1.9
20190711194521.22,35.6148,116.5872,7.2,-0.1
20190711203555.76,35.4775,117.3348,2.9,0.9
20190711203642.06,36.0595,117.5980,30.6,-0.3
20190711205008.64,35.7628,118.0060,7.0,1.4
20190711205650.29,35.7087,117.2012,-0.7,1.2
20190711211155.77,35.3893,117.1320,8.2,0.5
20190711211509.07,36.0357,117.2173,-1.4,1.0
20190711212505.37,35.8735,117.1635,9.4,1.7
20190711212549.26,35.8442,116.9258,7.4,1.2
20190711214947.65,35.6837,117.9747,7.9,2.2
20190711222709.07,35.8970,117.4927,6.3,0.8
20190711222837.28,35.0758,117.5923,7.4,1.3
20190711223446.04,36.1970,117.9118,-0.3,1.2
20190711225614.71,35.7037,117.6053,0.8,0.2
20190711235938.56,35.4883,117.4403,0.8,0.4
20190712093039.71,36.0735,117.8615,-1.3,1.3
20190712120735.21,35.8190,118.0080,-1.4,1.8
20190712113000.61,35.8648,116.6723,7.5,1.7
20190712002804.00,35.6913,118.4687,5.9,0.7
20190712104659.66,35.3027,117.3797,5.6,0.8
20190712111452.58,36.2965,117.3990,7.5,1.4
20190712190113.07,36.0872,118.4783,7.5,2.4
20190712201302.25,35.8178,117.5973,6.1,0.4
20190712002809.20,35.5437,117.7825,5.8,0.4
20190712050229.84,36.0478,116.5790,7.5,1.3
20190712063635.50,35.8015,117.5872,0.9,0.4
20190712071615.73,35.6963,117.5603,0.8,0.3
20190712082233.52,35.2865,118.2738,7.5,1.9
20190712134213.79,34.9900,118.2013,7.4,1.4
20190712154454.66,36.4755,117.1058,8.2,1.8
20190712183447.08,35.5432,117.4945,0.5,0.7
20190712004236.10,35.7523,117.4285,5.7,-0.2
20190712013308.76,35.9937,117.7162,0.8,0.1
20190712013325.23,36.1115,118.1613,6.0,1.1
20190712023007.88,35.5663,117.6208,0.0,0.4
20190712043702.36,35.0518,117.9438,7.5,1.9
20190712051533.90,35.6450,117.4422,2.0,0.4
20190712052915.60,35.7457,117.4850,0.7,1.2
20190712073107.29,35.9210,117.7000,-1.4,0.5
20190712085854.68,36.5772,117.9275,10.2,1.6
20190712105449.72,35.7367,117.4067,8.5,0.3
20190712115125.59,35.8785,117.8773,6.6,1.0
20190712125937.36,35.6097,117.5273,0.7,0.7
20190712134509.23,35.6478,117.4387,7.1,0.1
20190712135548.80,36.5053,118.4018,-0.6,0.9
20190712140427.28,35.8400,117.3807,1.3,-0.3
20190712162436.39,35.4093,117.5610,0.7,1.2
20190712170658.21,36.3043,117.9702,7.5,0.8
20190712191211.97,36.1012,117.6625,-0.2,0.4
20190712200207.15,35.6957,117.4115,0.8,0.4
20190712200854.64,35.5728,117.4300,0.6,0.6
20190712201250.09,35.9935,117.7732,-0.1,0.7
20190712211841.19,35.6248,117.4173,0.8,0.5
20190712212856.86,35.6343,117.5038,0.9,0.7
20190712005618.21,36.1850,117.5035,7.6,1.5
20190712010107.82,36.0425,117.6673,5.7,1.2
20190712013450.12,35.6113,118.6132,7.7,1.5
20190712023026.96,35.9827,117.4810,7.8,0.2
20190712033208.45,36.2280,117.7572,7.4,2.5
20190712040641.45,35.4165,118.5118,7.4,2.1
20190712042932.57,36.0020,117.7622,31.7,-0.7
20190712044209.61,35.7217,118.1975,-1.4,1.6
20190712044912.99,35.8817,117.7458,6.0,1.5
20190712052959.16,35.8758,117.6487,1.4,0.2
20190712072903.42,35.6745,118.1827,7.8,0.8
20190712081518.55,35.7618,118.5042,7.4,1.4
20190712084328.40,35.8473,117.3758,-1.4,0.8
20190712084448.16,35.3530,117.3883,6.2,0.2
20190712085727.41,35.6175,117.4680,0.5,1.7
20190712091433.76,36.3252,118.0987,7.4,1.3
20190712093633.96,34.7865,117.8765,7.4,2.8
20190712100756.44,35.8957,116.6960,7.5,1.2
20190712103527.08,36.2525,117.5512,7.2,0.3
20190712111216.86,35.6077,117.5072,0.8,0.7
20190712112015.02,35.1732,118.3085,7.5,1.5
20190712113634.12,36.2652,117.0513,7.5,1.8
20190712121228.65,35.9393,117.9285,7.5,1.2
20190712124251.29,35.7297,118.4108,7.5,1.8
20190712130747.20,35.8532,117.5332,-0.3,1.3
20190712140249.12,35.6755,117.3803,1.3,-0.1
20190712142133.72,36.5845,117.1288,7.4,1.1
20190712143034.56,35.6817,117.3247,0.9,0.6
20190712143934.50,35.8332,116.9067,7.4,0.7
20190712152043.59,36.1077,117.7695,-0.2,0.7
20190712174017.20,35.5045,117.4572,0.2,0.7
20190712174230.18,35.6377,117.6477,1.1,-0.1
20190712184829.30,36.5023,117.5093,7.3,1.7
20190712191834.71,36.3682,117.8820,7.4,1.2
20190712192821.37,35.0958,117.9298,7.5,1.5
20190712201512.31,35.9500,116.7940,7.4,1.2
20190712232544.14,35.5753,117.4795,0.7,1.1
20190712235136.69,35.5770,117.3887,1.0,0.3
20190712003304.21,35.6398,117.7103,7.0,1.0
20190712004317.79,36.0458,117.7055,8.3,0.8
20190712011408.63,35.9710,117.3627,-1.3,-0.4
20190712013437.69,36.4198,117.4572,7.1,1.5
20190712020205.46,35.9790,117.6815,6.5,0.1
20190712020235.88,35.6667,117.5573,0.4,0.1
20190712023917.98,35.8115,117.6537,0.3,0.5
20190712024636.36,36.2705,117.7678,7.4,2.4
20190712024939.33,35.8798,117.6578,0.9,-0.3
20190712033511.80,35.3763,117.3728,7.6,0.3
20190712034442.34,35.5070,117.3765,7.5,0.1
20190712034702.87,35.9382,118.4628,7.1,1.2
20190712040207.00,35.9633,117.7148,0.1,-0.2
20190712042509.51,36.1748,117.7483,5.6,0.6
20190712043419.72,35.6102,116.8038,7.4,0.8
20190712044359.64,36.0513,117.8243,5.2,0.6
20190712044407.34,36.0068,117.1505,7.5,0.1
20190712045030.77,35.7948,118.2713,-1.2,1.8
20190712045335.84,36.4673,117.4048,7.4,0.3
20190712054917.42,35.5055,117.5208,5.7,0.4
20190712061008.18,35.6133,117.4772,0.8,0.8
20190712062403.24,35.0600,118.0448,7.5,0.7
20190712065633.18,36.2037,117.7095,7.8,0.7
20190712065930.94,36.3998,117.3282,7.4,0.8
20190712070400.62,35.5920,117.3990,1.0,0.3
20190712074544.67,35.6642,117.4943,0.8,-0.3
20190712080624.93,36.3428,116.9593,7.5,0.7
20190712081513.09,35.5063,117.4287,0.5,0.5
20190712082041.12,35.7443,118.6072,7.5,1.0
20190712082210.66,35.4618,116.9212,7.8,0.3
20190712084107.90,35.0120,118.3188,7.6,1.1
20190712085444.61,36.4855,117.2333,7.5,1.2
20190712091648.85,35.9763,117.6030,0.7,0.8
20190712092410.27,35.6407,117.4695,4.1,-0.2
20190712092700.43,35.6257,118.2368,7.4,1.2
20190712093647.62,35.3622,117.4070,7.2,1.0
20190712094702.36,36.1043,117.6152,0.9,0.3
20190712100739.40,36.1143,117.1295,7.2,1.0
20190712100858.34,35.6260,117.3765,1.1,0.4
20190712102658.26,35.6397,117.4467,0.7,0.4
20190712103344.90,36.1535,117.7975,7.5,0.8
20190712104052.87,36.2957,117.7912,7.4,1.6
20190712105255.71,36.1053,117.9153,7.6,0.7
20190712110035.84,36.3193,117.8847,-1.4,2.1
20190712110736.01,36.3618,117.4335,7.4,1.1
20190712111039.31,35.6788,117.5213,0.7,0.7
20190712121611.06,35.9008,118.4778,7.4,1.7
20190712125832.18,35.9993,117.6608,-0.1,0.3
20190712134246.96,35.4803,118.4692,5.5,1.4
20190712134734.34,34.7960,117.6457,7.6,1.2
20190712135326.89,36.1743,117.4223,7.4,0.8
20190712135722.85,36.3575,117.4670,7.5,0.7
20190712151620.67,35.4045,117.6207,7.7,0.6
20190712152911.01,35.6905,117.5387,1.3,0.5
20190712153930.17,36.1327,117.0537,7.5,0.9
20190712154224.81,36.1003,117.4378,7.2,1.9
20190712160548.99,36.2448,117.7053,5.7,1.5
20190712161020.20,35.6067,118.5490,7.4,0.9
20190712161135.70,35.0317,118.3172,46.2,0.3
20190712161202.22,36.3993,117.6780,7.5,0.8
20190712163714.89,35.9133,117.6397,0.7,0.1
20190712163801.14,36.2697,117.5795,7.6,0.3
20190712165436.80,35.5648,117.3035,1.3,0.7
20190712171122.00,35.3745,117.4965,6.5,-0.1
20190712174318.63,35.3117,117.0087,5.6,0.6
20190712175535.79,35.7292,117.5255,0.8,0.5
20190712175955.18,36.2802,118.1468,7.3,0.4
20190712183439.30,36.0960,117.4637,1.8,1.0
20190712190107.57,36.3250,117.2018,7.5,0.8
20190712190347.30,35.6895,117.4975,21.7,2.6
20190712192619.85,35.6963,117.5908,0.9,0.3
20190712192937.10,35.6275,117.4700,0.8,1.0
20190712202309.97,35.9827,117.7738,-0.4,1.0
20190712211442.46,35.7207,116.9342,7.4,-0.1
20190712220748.18,36.1198,117.1697,7.3,1.1
20190712230408.86,35.7398,117.6865,5.7,1.3
20190712230558.18,35.7285,118.5403,7.8,1.0
20190712231512.16,35.5658,118.5560,7.5,0.6
20190712232819.34,35.8458,117.5210,7.6,0.5
20190712000006.80,35.9992,117.6918,7.7,1.2
20190712000340.86,35.7025,117.4863,0.8,1.4
20190712001726.77,35.5320,117.4787,5.7,0.8
20190712002348.22,36.0702,118.3318,7.8,1.4
20190712003246.38,35.6263,117.4210,-0.6,0.0
20190712005854.05,35.6465,117.4748,0.8,0.3
20190712010316.24,35.7977,117.6967,0.8,0.9
20190712013818.13,34.7180,117.2000,7.5,0.8
20190712014613.39,35.7283,117.5208,1.7,1.8
20190712023754.11,35.4690,117.4002,2.5,0.8
20190712025434.82,35.8590,117.5670,7.5,0.9
20190712030518.49,35.6342,117.4908,0.8,0.9
20190712030712.25,36.0972,117.4025,6.2,0.7
20190712030928.28,35.6758,118.5675,7.2,0.8
20190712033425.28,35.4625,118.1873,7.5,1.2
20190712034009.42,35.7245,117.4412,1.7,0.4
20190712034346.30,35.7098,117.5122,1.0,0.4
20190712035049.96,35.5552,117.1532,6.9,0.3
20190712035335.52,35.8652,117.6117,3.0,0.9
20190712040924.55,35.5947,117.4488,0.9,0.4
20190712042144.60,36.3293,117.7868,7.5,1.2
20190712045119.33,35.7448,118.5515,-1.2,1.1
20190712045252.04,35.6775,117.4813,0.9,0.4
20190712050638.46,36.1748,117.8815,2.7,0.8
20190712051745.67,36.2350,117.9140,7.5,0.7
20190712052022.62,35.7913,117.6687,0.8,1.0
20190712053356.33,35.1240,117.7537,7.4,1.3
20190712054724.66,35.1928,116.9657,5.4,-0.2
20190712060823.68,35.8263,116.7722,7.4,1.1
20190712062027.77,35.1815,116.8262,7.5,1.8
20190712062557.15,36.3802,117.9427,7.5,0.9
20190712064130.68,35.5627,117.7192,0.8,1.1
20190712070955.92,35.9437,117.5943,7.3,0.8
20190712071147.71,36.1835,117.4053,7.0,1.0
20190712071654.12,36.0085,117.6782,0.3,1.0
20190712071911.86,35.9907,117.7937,0.0,1.1
20190712071951.24,35.5015,118.3285,8.0,0.9
20190712072758.19,35.1608,117.5908,7.6,0.3
20190712080648.67,36.1502,117.8435,1.3,1.1
20190712080842.78,35.3930,117.3105,6.0,-0.5
20190712083017.00,35.3028,117.6300,31.1,1.4
20190712084433.91,35.5153,117.4472,0.8,0.4
20190712092046.73,35.4297,118.2133,7.3,1.2
20190712092921.08,35.7622,117.6825,1.3,0.9
20190712094841.25,34.8477,118.1237,7.8,1.7
20190712095308.40,35.4120,118.4738,7.2,1.1
20190712102140.93,35.8573,117.4532,7.5,0.5
20190712103954.44,36.0232,117.6913,0.8,0.1
20190712104941.43,35.9527,117.1878,6.4,0.3
20190712105434.03,35.7637,117.5025,0.6,0.5
20190712110043.95,36.0920,117.3553,7.5,1.9
20190712110746.74,35.5027,117.6310,0.8,1.1
20190712114813.94,35.9818,117.7275,7.4,0.4
20190712115406.22,36.0468,117.8352,0.3,0.9
20190712121847.38,35.8123,117.6458,-0.4,-0.2
20190712123438.91,35.5682,117.2973,0.7,0.7
20190712123803.43,35.3443,117.4252,6.0,1.3
20190712132058.41,35.8320,116.6987,7.6,0.7
20190712133800.29,36.1930,117.9530,7.1,0.7
20190712135246.72,35.9365,117.3295,7.5,0.7
20190712140839.64,36.1880,117.8920,4.7,0.9
20190712141144.88,35.7048,117.4925,7.3,-0.1
20190712142551.54,36.1167,117.6170,0.8,0.2
20190712143222.39,35.8998,117.2973,0.6,1.1
20190712144953.08,35.0180,116.6545,-0.9,-0.5
20190712145902.52,35.7038,117.5975,0.9,0.7
20190712150759.78,35.7478,117.5195,6.6,0.9
20190712152956.47,36.3997,117.6315,7.5,0.6
20190712153147.87,35.5257,118.6485,7.0,2.1
20190712154008.63,35.7020,117.5298,0.8,0.0
20190712155135.18,35.9877,117.6515,7.4,0.4
20190712160800.03,35.6320,117.4787,1.1,0.6
20190712161032.84,35.9385,117.8200,-0.1,0.4
20190712162857.35,35.6900,117.4458,5.8,0.5
20190712163056.81,35.9587,117.7133,5.9,-0.6
20190712163526.38,36.0462,117.6285,0.7,-0.2
20190712163833.59,35.8368,117.4842,1.9,1.7
20190712164545.77,35.5853,117.4447,0.9,-0.1
20190712170528.16,35.6332,117.4575,0.7,0.4
20190712171224.66,36.1500,117.3160,7.5,0.6
20190712172514.65,35.9023,117.2757,6.7,0.8
20190712173406.07,36.0375,117.6565,0.8,0.4
20190712175355.19,35.2693,117.9347,7.4,0.7
20190712175806.04,35.8092,116.7443,8.0,1.7
20190712182409.86,36.0357,117.1472,7.5,-0.4
20190712183048.12,35.5648,117.4778,0.8,0.2
20190712183514.22,36.4625,117.0402,8.7,0.5
20190712184209.46,36.3382,116.8113,7.5,1.6
20190712185532.33,36.0105,117.1332,7.5,0.7
20190712193741.25,35.7110,117.7918,5.5,2.0
20190712193902.71,36.1595,117.8273,3.2,1.0
20190712201000.98,35.6220,117.6592,0.6,0.9
20190712203242.45,36.3582,117.4373,7.3,0.4
20190712203708.54,36.0277,116.9480,7.7,0.1
20190712204014.59,35.5158,117.6822,12.1,0.4
20190712210013.16,35.7185,117.5017,0.8,-0.2
20190712210910.99,35.8913,117.6030,3.9,0.3
20190712211745.68,35.4310,118.5623,7.6,-0.2
20190712212253.16,36.4838,117.2257,7.5,0.8
20190712213436.57,35.8613,117.4935,0.4,0.6
20190712213801.16,35.5810,117.4448,6.9,0.0
20190712215023.02,36.4105,117.1980,7.4,0.9
20190712224943.79,35.5507,117.4325,1.5,0.4
20190712225815.48,36.0988,118.2055,7.4,1.4
20190712225920.86,35.3968,118.3860,7.3,1.5
20190712225932.25,35.5678,117.3375,-0.8,0.5
20190712231223.82,36.0213,117.8828,3.9,-0.1
20190712232627.97,35.3933,116.8942,7.4,1.0
20190712232836.12,35.6517,117.5543,0.8,1.0
20190712233651.10,36.1148,117.9668,7.5,1.5
20190712233757.66,35.1805,118.3293,7.6,0.8
20190712235507.83,35.7953,117.6900,0.8,0.9
20190712235907.78,35.3763,116.5437,7.4,1.6
20190712000253.09,35.6933,117.5087,1.0,0.5
20190712000714.20,36.0283,117.6337,1.4,1.7
20190712003119.45,35.4427,118.1732,7.6,0.7
20190712003145.04,36.0917,118.1403,7.8,0.7
20190712003820.66,35.5457,116.4905,8.0,1.0
20190712004826.49,36.1548,117.8907,-0.2,-0.2
20190712010213.00,35.8383,117.6093,0.9,0.5
20190712010554.23,36.3030,118.2153,7.7,1.4
20190712010704.67,35.9107,117.5615,1.0,1.0
20190712010842.30,35.4812,117.2762,41.1,-0.3
20190712012921.39,35.6608,117.4397,1.9,0.8
20190712013520.71,35.5940,117.5197,1.3,1.6
20190712013945.76,34.9378,118.0492,7.7,1.3
20190712015129.54,35.9450,116.9723,7.4,1.1
20190712015454.89,35.6395,117.4883,1.0,0.8
20190712020213.48,35.6182,117.4008,1.2,0.1
20190712020748.37,35.3357,118.5435,7.5,0.7
20190712020800.67,35.8050,117.4218,6.2,0.5
20190712021013.79,35.8302,116.9085,7.4,0.8
20190712021450.95,35.6972,117.4312,3.2,0.0
20190712021550.60,36.4082,118.0490,7.4,0.6
20190712022240.29,35.2510,118.2982,7.5,1.4
20190712030354.39,35.9933,117.4717,7.3,0.8
20190712031318.37,36.0887,117.4987,7.4,0.3
20190712031800.01,35.9310,117.9565,6.6,0.3
20190712031953.80,35.9947,117.6403,0.0,0.0
20190712032218.46,35.7823,117.4758,10.1,1.0
20190712032438.03,35.4207,117.4475,7.6,0.9
20190712033031.53,36.0087,117.6653,-0.3,0.8
20190712034542.10,35.0782,117.9375,7.8,0.9
20190712040437.76,36.1398,116.7858,7.5,0.6
20190712041103.15,35.5953,117.4395,0.9,0.8
20190712041154.05,36.4522,117.8912,7.6,2.6
20190712042123.68,36.2008,117.9833,-0.9,-0.4
20190712042511.76,35.9305,117.7432,0.6,0.0
20190712042645.95,35.6477,116.6903,7.4,0.5
20190712042728.05,35.5325,117.4888,1.4,0.4
20190712043337.28,35.8788,117.8188,0.1,0.9
20190712043920.31,35.0708,117.0043,7.6,1.4
20190712045130.50,35.7288,117.5978,9.3,0.7
20190712052515.24,36.1002,117.7152,0.8,-0.3
20190712054642.19,36.4547,117.1972,7.6,0.1
20190712055856.21,36.3200,117.9670,7.1,1.8
20190712060614.57,35.6383,117.5003,0.9,1.1
20190712061203.94,36.1465,117.4225,7.4,0.4
20190712062031.10,35.2325,117.1593,7.4,1.0
20190712064809.85,35.6595,117.5383,0.8,0.1
20190712065138.16,35.6347,118.1365,7.5,-0.2
20190712065346.50,35.0145,117.6880,7.4,1.1
20190712065935.70,35.9865,117.0203,7.1,0.9
20190712070116.75,35.6790,117.4807,1.3,-0.1
20190712071133.29,35.7520,117.7057,0.8,0.9
20190712071239.26,35.6097,117.4327,1.1,0.2
20190712072141.23,35.7992,117.6042,6.4,1.0
20190712072603.19,36.1213,117.5675,9.6,2.3
20190712073651.98,35.4098,116.3448,7.5,2.8
20190712073830.54,35.3800,117.9933,7.8,0.2
20190712073859.09,35.9948,117.8873,56.9,0.9
20190712082015.32,35.8383,117.5382,8.5,0.5
20190712082514.09,35.6607,118.2212,7.5,0.7
20190712083120.22,35.8935,117.7173,4.2,1.0
20190712084336.11,35.7423,117.3788,-1.4,0.1
20190712085451.35,36.0582,117.8457,7.0,0.8
20190712090536.12,35.2430,117.8813,7.4,1.2
20190712091248.84,36.2940,116.7188,7.5,0.8
20190712092129.16,35.3423,117.4250,5.5,1.1
20190712093406.82,35.1443,117.9165,7.5,0.5
20190712094023.73,36.2890,118.1048,6.0,1.5
20190712094537.22,35.6125,117.4598,0.8,-0.2
20190712094807.76,35.5418,117.4635,1.4,0.2
20190712100705.69,35.8275,117.5220,-1.4,0.7
20190712105202.12,36.0173,117.1663,7.5,1.3
20190712105832.98,35.9158,117.7347,5.6,0.7
20190712111415.50,35.4315,118.2805,8.7,0.2
20190712112330.61,35.5263,117.4918,0.7,0.7
20190712113640.60,36.4410,116.8063,7.7,1.0
20190712114350.40,35.9227,116.5493,7.4,0.9
20190712120201.77,35.9835,118.1173,7.8,-0.1
20190712121858.10,35.6050,117.4157,0.8,-0.1
20190712122527.93,35.5335,117.4298,0.9,0.9
20190712122830.72,35.8065,118.0502,6.8,1.5
20190712123031.68,36.4138,117.6618,7.6,0.6
20190712123658.45,34.8613,117.9037,81.0,1.3
20190712124219.59,35.6958,117.4813,0.8,0.9
20190712124546.45,36.0460,117.1657,-1.4,0.4
20190712131043.90,35.6440,117.4332,0.7,0.7
20190712132044.93,35.7118,117.6497,7.3,0.3
20190712132507.35,35.2348,118.5955,7.6,1.1
20190712133452.48,35.7897,117.4090,5.5,0.0
20190712133932.81,36.1265,117.9625,7.5,1.1
20190712134943.97,35.5987,117.5438,1.5,0.3
20190712135636.64,35.7952,117.5362,7.4,0.7
20190712140608.80,36.0565,117.6732,0.3,0.0
20190712142418.20,35.6675,117.4458,1.5,0.0
20190712142511.69,36.0037,117.9513,-0.9,0.2
20190712143519.55,36.0072,117.3803,7.5,1.0
20190712145056.40,36.0397,118.1020,7.6,0.6
20190712145422.23,35.0007,118.3125,29.1,1.4
20190712150050.19,36.1063,117.9047,7.2,0.2
20190712150232.22,36.0110,117.9498,6.2,1.3
20190712151901.02,36.0863,118.1955,7.5,1.6
20190712152106.15,36.0960,117.8312,-0.3,1.3
20190712161306.69,35.9078,117.0362,9.5,-0.1
20190712162357.27,36.0842,117.8045,0.1,1.0
20190712162536.23,35.6593,117.6017,0.8,0.4
20190712162552.02,35.8630,117.9690,7.6,0.3
20190712162648.40,35.5458,117.3845,6.3,0.2
20190712164120.90,35.9525,117.6782,0.6,1.1
20190712172219.93,35.7148,117.4478,2.4,0.9
20190712172241.35,35.9497,117.4847,0.6,0.5
20190712172611.43,35.4928,117.5372,0.7,1.3
20190712173747.38,36.0608,117.1310,7.6,0.9
20190712174433.81,35.7883,117.5843,0.8,-0.1
20190712175002.93,35.3492,118.4662,7.4,1.2
20190712175253.63,35.5940,117.4112,0.8,0.4
20190712183023.85,35.2262,117.8427,7.3,0.5
20190712185152.28,36.4272,117.6370,7.4,1.2
20190712185319.99,36.1420,117.9125,7.5,0.4
20190712191203.64,35.7367,117.3402,6.7,0.1
20190712192322.88,34.8965,117.0415,53.4,1.2
20190712192604.85,35.5910,117.3965,0.8,0.1
20190712195441.00,36.1507,117.8078,7.4,0.7
20190712200708.91,36.1338,117.9638,-1.4,0.7
20190712201552.00,36.3870,117.5712,7.4,1.2
20190712202001.10,35.8892,118.4672,7.4,0.5
20190712202219.44,35.9015,117.7312,0.8,0.5
20190712203059.74,35.8128,117.9273,4.7,0.7
20190712205015.04,35.7328,117.8402,-1.3,0.8
20190712205231.60,36.0910,117.5565,7.0,0.7
20190712205457.38,35.6305,117.5433,0.8,0.8
20190712211008.54,35.5770,117.5615,1.0,-0.5
20190712211018.44,35.2660,117.0248,5.5,0.8
20190712215501.21,36.0362,117.6558,-0.6,0.6
20190712222321.98,35.6357,117.4355,0.8,0.4
20190712223316.48,35.6852,117.5595,0.7,0.8
20190712223932.95,36.4800,117.9225,7.4,1.6
20190712225118.81,36.0890,117.3805,7.5,0.7
20190712230355.01,35.3072,116.8823,7.4,1.0
20190712231053.59,36.0553,117.9502,0.7,0.9
20190712231926.30,36.4598,117.2713,7.7,0.8
20190712234558.51,34.9548,117.9910,36.6,1.8
20190712235819.92,35.7212,117.4870,0.8,0.1
20190712235918.10,35.6460,117.5318,-1.4,-0.5
